record_id,orig_monthly,orig_total,injected_error_type
1,29.85,29.85,none
2,56.95,1889.5,none
3,53.85,108.15,none
4,42.3,1840.75,none
5,70.7,151.65,none
6,99.65,820.5,none
7,89.1,1949.4,none
8,29.75,301.9,none
9,104.8,3046.05,none
10,56.15,3487.95,none
11,49.95,587.45,none
12,18.95,326.8,none
13,100.35,5681.1,none
14,103.7,5036.3,none
15,105.5,2686.05,none
16,113.25,7895.15,none
17,20.65,1022.95,none
18,106.7,7382.25,none
19,55.2,528.35,none
20,90.05,1862.9,none
21,39.65,39.65,none
22,19.8,202.25,none
23,20.15,20.15,none
24,59.9,3505.1,none
25,59.6,2970.3,none
26,55.3,1530.6,none
27,99.35,4749.15,none
28,30.2,30.2,none
29,90.25,6369.45,none
30,64.7,1093.1,none
31,96.35,6766.95,none
32,95.5,181.65,none
33,66.15,1874.45,none
34,20.2,20.2,none
35,45.25,45.25,none
36,99.9,7251.7,none
37,69.7,316.9,none
38,74.8,3548.3,none
39,106.35,3549.25,none
40,97.85,1105.4,none
41,49.55,475.7,none
42,69.2,4872.35,none
43,20.75,418.25,none
44,79.85,4861.45,none
45,76.2,981.45,none
46,84.5,3906.7,none
47,49.25,97.0,none
48,80.65,144.15,none
49,79.75,4217.8,none
50,64.15,4254.1,none
51,90.25,3838.75,overbilled_monthly
52,99.1,1426.4,none
53,69.5,1752.65,none
54,80.65,633.3,none
55,74.85,4456.35,none
56,95.45,1752.55,none
57,99.65,6311.2,none
58,108.45,7076.35,none
59,24.95,894.3,none
60,107.5,7853.7,none
61,100.5,4707.1,none
62,89.9,5450.7,none
63,42.1,2962.0,none
64,54.4,957.1,none
65,94.4,857.25,none
66,75.3,244.1,none
67,78.9,3650.35,none
68,79.2,2497.2,none
69,20.15,930.9,none
70,79.85,887.35,none
71,49.05,49.05,none
72,20.4,1090.65,none
73,111.6,7099.0,none
74,24.25,1424.6,none
75,64.5,177.4,none
76,110.5,6139.5,none
77,55.65,2688.85,none
78,54.65,482.25,none
79,74.75,2111.3,none
80,25.9,1216.6,none
81,79.35,79.35,none
82,50.55,565.35,none
83,75.15,496.9,none
84,103.8,4327.5,none
85,20.15,973.35,none
86,99.3,918.75,none
87,62.15,2215.45,none
88,20.65,1057.0,none
89,19.95,927.1,none
90,33.75,1009.25,none
91,82.05,2570.2,none
92,74.7,74.7,none
93,84.0,5714.25,none
94,111.05,7107.0,none
95,100.9,7459.05,none
96,78.95,927.35,none
97,66.85,4748.7,none
98,21.05,113.85,none
99,21.0,1107.2,none
100,98.5,2514.5,none
101,20.2,20.2,none
102,19.45,19.45,none
103,95.0,3605.6,none
104,45.55,3027.25,none
105,110.0,7611.85,none
106,24.3,100.2,none
107,104.15,7303.05,none
108,30.15,927.65,none
109,94.35,3921.3,none
110,19.4,1363.25,none
111,96.75,5238.9,none
112,57.95,3042.25,none
113,91.65,3954.1,none
114,76.5,2868.15,none
115,54.6,3423.5,none
116,89.85,248.4,none
117,31.05,1126.35,none
118,100.25,1064.65,none
119,20.65,835.15,none
120,85.2,2151.6,none
121,99.8,5515.45,none
122,20.7,112.75,none
123,74.4,229.55,none
124,50.7,350.35,none
125,20.85,62.9,none
126,88.95,3027.65,none
127,78.05,2135.5,none
128,23.55,1723.95,none
129,19.75,19.75,none
130,56.45,3985.35,none
131,85.95,1215.65,none
132,58.6,1502.65,none
133,50.55,3260.1,none
134,35.45,35.45,none
135,44.35,81.25,none
136,25.7,1188.2,none
137,75.0,1778.5,none
138,20.2,1277.75,none
139,19.6,1170.55,none
140,70.45,70.45,none
141,88.05,6425.65,none
142,71.15,563.65,none
143,101.05,5971.25,none
144,84.3,5289.05,none
145,23.95,1756.2,none
146,99.05,6416.7,none
147,19.6,61.35,none
148,45.65,45.65,none
149,64.5,1929.95,none
150,69.5,1071.4,none
151,68.55,564.35,none
152,95.0,655.5,none
153,108.15,7930.55,none
154,86.1,5215.25,none
155,19.7,113.5,none
156,80.9,1152.8,none
157,84.15,1821.95,none
158,20.15,419.9,none
159,64.25,1024.0,overbilled_monthly
160,25.7,251.6,none
161,56.0,764.55,none
162,82.4,1592.35,none
163,69.7,135.2,none
164,73.9,3958.25,none
165,20.6,233.9,none
166,19.9,1363.45,none
167,70.9,273.0,none
168,89.05,6254.45,none
169,45.3,2651.2,none
170,20.4,321.4,none
171,84.25,3539.25,none
172,104.4,242.8,none
173,81.95,1181.75,none
174,94.85,5000.2,none
175,20.55,654.55,none
176,24.7,780.2,none
177,74.45,1145.7,none
178,76.45,503.6,none
179,105.35,1559.25,none
180,20.55,1252.0,none
181,29.95,29.95,none
182,45.3,45.3,none
183,84.5,662.65,none
184,74.75,2453.3,none
185,79.25,1111.65,none
186,24.8,24.8,none
187,51.8,1023.85,none
188,30.4,82.15,none
189,19.65,244.8,none
190,56.6,2379.1,none
191,71.9,3173.35,none
192,91.0,531.0,none
193,19.75,1375.4,none
194,109.7,8129.3,none
195,19.3,1192.7,none
196,96.55,1901.65,none
197,24.1,587.4,none
198,111.35,6519.75,none
199,112.25,8041.65,none
200,20.75,20.75,none
201,101.9,2681.15,none
202,80.05,1112.3,none
203,105.55,7405.5,none
204,78.3,1033.95,none
205,68.85,2958.95,none
206,79.95,2684.85,none
207,55.45,4179.2,none
208,79.9,79.9,none
209,106.6,1934.45,none
210,102.45,6654.1,none
211,46.0,84.5,none
212,25.25,25.25,none
213,19.75,1124.2,none
214,20.0,540.05,none
215,86.8,1975.85,zero_monthly
216,58.75,3437.45,none
217,45.25,3139.8,none
218,56.6,3789.2,none
219,84.2,5324.5,none
220,80.0,624.6,none
221,70.15,268.35,none
222,24.75,1836.9,none
223,20.2,20.2,none
224,50.05,179.35,none
225,19.35,219.35,none
226,50.6,1288.75,none
227,81.15,2545.75,none
228,55.2,55.2,none
229,89.9,2723.15,none
230,85.3,4107.25,none
231,108.0,5760.65,none
232,93.5,4747.5,none
233,84.6,84.6,none
234,20.25,1566.9,none
235,25.15,702.0,none
236,54.4,114.1,none
237,29.6,299.05,none
238,73.15,1305.95,none
239,95.0,1120.3,none
240,19.75,284.35,none
241,86.6,6350.5,none
242,109.2,7878.3,total_missing
243,74.7,3187.65,none
244,94.4,6126.15,none
245,54.8,731.3,none
246,75.35,273.4,none
247,65.0,2531.8,none
248,74.4,1074.3,none
249,48.55,48.55,none
250,99.0,4298.45,none
251,93.5,4619.55,none
252,70.4,147.15,none
253,40.2,40.2,none
254,83.7,2633.3,none
255,19.85,193.05,none
256,59.55,4103.9,none
257,115.1,7008.15,none
258,114.35,5791.1,none
259,44.6,80.55,none
260,45.0,1228.65,none
261,41.15,132.2,none
262,106.9,1364.3,none
263,89.85,4925.35,none
264,49.85,1520.1,none
265,113.3,5032.25,none
266,88.1,5526.75,none
267,24.9,1195.25,none
268,105.0,2007.25,none
269,19.35,1099.6,none
270,24.25,1732.95,none
271,94.45,1511.2,none
272,59.75,3450.15,none
273,24.8,24.8,none
274,107.05,2172.05,none
275,70.6,70.6,none
276,85.4,401.1,none
277,105.05,5624.85,none
278,64.95,1339.8,none
279,55.0,771.95,none
280,50.55,244.75,none
281,55.15,322.9,none
282,51.2,498.25,none
283,25.4,25.4,none
284,54.45,3687.75,none
285,95.15,1779.95,none
286,76.0,1783.6,none
287,44.35,927.15,none
288,70.0,70.0,none
289,74.5,606.55,none
290,44.85,435.4,none
291,76.1,1712.7,none
292,61.2,2021.2,none
293,86.8,1940.8,none
294,89.35,567.8,none
295,19.7,220.35,none
296,20.25,20.25,none
297,76.05,5436.45,none
298,100.8,3437.5,none
299,74.55,3015.75,none
300,73.6,73.6,none
301,64.9,1509.8,none
302,95.45,396.1,total_decimal_shift
303,90.4,356.65,none
304,60.3,4109.0,none
305,81.85,3141.7,none
306,24.8,1229.1,none
307,74.9,2303.35,none
308,75.55,2054.4,none
309,101.15,3741.85,none
310,78.75,3682.45,none
311,19.25,19.25,none
312,89.05,1886.25,none
313,115.05,4895.1,none
314,69.35,341.6,none
315,80.6,415.55,none
316,110.05,5686.4,none
317,19.9,1355.1,none
318,80.3,3058.65,none
319,93.15,2231.05,none
320,91.5,3236.35,none
321,82.45,4350.1,none
322,60.0,4264.0,none
323,44.8,44.8,none
324,48.6,422.3,none
325,60.05,4176.7,none
326,102.7,5138.1,none
327,82.9,880.05,none
328,70.35,139.05,none
329,35.9,973.65,none
330,82.65,1470.05,none
331,19.85,739.35,none
332,19.2,161.95,none
333,94.9,4422.95,none
334,73.85,511.25,none
335,80.6,155.8,none
336,75.8,5293.95,none
337,104.6,4759.85,none
338,88.15,6148.45,none
339,94.8,3565.65,none
340,103.4,6603.0,none
341,54.65,1830.1,none
342,85.75,6223.8,none
343,67.45,4508.65,none
344,20.5,1328.15,none
345,20.25,865.0,none
346,72.1,72.1,none
347,90.4,168.2,none
348,19.45,1303.5,none
349,44.95,996.85,none
350,97.0,6430.9,none
351,62.8,2278.75,none
352,44.6,681.4,none
353,89.15,574.35,none
354,84.8,371.9,none
355,41.9,840.1,none
356,80.25,846.0,none
357,54.1,889.0,none
358,105.25,6823.4,none
359,30.75,805.1,none
360,97.1,4016.75,none
361,20.2,83.75,none
362,98.8,3959.15,none
363,50.3,2878.55,none
364,20.55,945.7,none
365,75.9,1373.05,none
366,96.5,492.55,none
367,59.95,1406.0,none
368,19.15,19.15,none
369,98.65,6962.85,none
370,112.6,8126.65,none
371,20.6,690.25,none
372,85.65,181.5,none
373,35.75,830.8,none
374,99.75,5608.4,none
375,96.1,3646.8,none
376,85.1,3662.25,none
377,25.35,25.35,none
378,104.95,2566.5,none
379,89.65,5308.7,none
380,86.75,1410.25,none
381,86.2,3339.05,none
382,50.65,50.65,none
383,64.8,4732.35,none
384,90.85,90.85,none
385,108.1,5067.45,none
386,19.95,214.75,none
387,85.45,4874.7,none
388,54.75,2348.45,none
389,90.4,4063.0,none
390,44.0,44.0,none
391,95.6,2595.25,none
392,84.8,2309.55,none
393,44.3,89.3,none
394,19.9,367.55,none
395,95.05,3944.5,none
396,90.05,5965.95,none
397,109.9,3694.7,none
398,73.95,2524.45,none
399,54.6,1803.7,none
400,20.05,415.1,none
401,19.75,624.15,none
402,20.05,237.7,none
403,99.45,7007.6,none
404,55.9,3848.8,none
405,19.7,419.4,none
406,19.8,1468.75,none
407,95.4,5812.0,total_missing
408,93.95,2861.45,none
409,19.9,19.9,none
410,19.6,19.6,none
411,81.35,233.7,none
412,24.45,1066.15,none
413,74.95,2149.05,none
414,87.35,4473.0,none
415,70.65,3545.05,none
416,73.25,1195.75,none
417,98.7,6858.9,none
418,24.8,1024.7,none
419,83.3,1845.9,none
420,75.3,75.3,none
421,24.3,132.25,none
422,69.85,515.45,none
423,100.55,2830.45,none
424,25.7,1110.5,none
425,40.7,449.3,none
426,51.65,2838.55,none
427,105.1,5376.4,none
428,85.95,858.6,none
429,75.6,1395.05,none
430,58.25,3975.7,none
431,19.4,1182.55,none
432,65.2,4784.45,none
433,53.45,119.5,none
434,45.4,518.9,none
435,19.75,899.45,none
436,44.45,1183.8,none
437,20.85,720.05,none
438,114.05,8468.2,total_missing
439,89.85,3161.2,none
440,55.05,55.05,none
441,112.95,1882.55,none
442,101.55,5070.4,none
443,114.65,6049.5,none
444,64.8,1166.7,none
445,80.4,2937.65,none
446,105.9,6396.45,none
447,69.55,69.55,none
448,25.05,1270.25,none
449,94.75,759.55,none
450,105.5,7611.55,none
451,24.7,1642.75,none
452,69.75,1545.4,none
453,60.2,3582.4,none
454,81.05,2227.1,none
455,24.4,1417.9,none
456,104.15,2494.65,none
457,92.9,2768.35,none
458,80.8,2369.3,none
459,20.0,38.0,none
460,75.1,75.1,none
461,19.65,100.9,none
462,69.45,1614.05,none
463,101.15,385.9,none
464,99.8,673.25,none
465,116.05,8404.9,none
466,40.05,2799.75,none
467,102.1,6538.45,total_decimal_shift
468,89.7,6588.95,none
469,19.9,868.1,none
470,55.95,734.35,none
471,20.65,330.6,none
472,55.0,55.0,none
473,70.05,564.4,none
474,53.6,1315.35,none
475,74.7,74.7,none
476,80.25,1861.5,none
477,76.05,2747.2,none
478,75.7,554.05,none
479,96.1,453.4,none
480,69.0,994.8,none
481,19.65,225.75,none
482,45.3,2145.0,none
483,81.45,1671.6,none
484,108.5,8003.8,none
485,83.55,680.05,none
486,84.5,6130.85,none
487,100.15,1415.0,none
488,88.6,6201.95,none
489,52.55,0.0,none
490,74.35,74.35,none
491,104.8,6597.25,none
492,59.0,114.15,none
493,74.4,139.4,none
494,64.05,3902.6,none
495,20.4,20.4,none
496,43.75,903.6,none
497,60.9,1785.65,none
498,19.8,1397.65,none
499,28.45,131.05,none
500,99.7,1238.45,none
501,116.25,3899.05,none
502,80.7,5676.0,none
503,65.2,4543.15,none
504,84.05,4326.8,none
505,79.45,5502.55,none
506,94.1,1782.4,none
507,78.0,851.8,none
508,94.2,167.5,none
509,80.5,502.85,none
510,19.85,19.85,none
511,94.3,1818.3,none
512,106.45,6300.15,none
513,74.35,334.8,none
514,105.45,5916.95,none
515,95.0,2852.4,none
516,104.8,4131.95,none
517,54.3,1546.3,none
518,70.05,302.6,none
519,75.2,1929.35,none
520,20.05,265.45,none
521,105.4,6989.45,none
522,51.6,1442.0,none
523,85.5,4713.4,none
524,75.6,1758.6,none
525,100.05,3480.0,none
526,91.25,4738.3,none
527,115.75,8399.15,none
528,94.7,5430.35,total_decimal_shift
529,19.6,686.95,none
530,99.9,5706.3,none
531,21.1,490.65,none
532,20.05,1360.25,none
533,79.95,174.45,none
534,107.15,7379.8,none
535,85.0,85.0,none
536,89.55,1021.75,none
537,81.55,5029.05,none
538,58.45,1955.4,none
539,95.65,6744.2,none
540,80.6,4946.7,none
541,113.1,8248.5,none
542,58.95,601.6,none
543,19.55,19.55,none
544,86.05,834.1,none
545,45.55,597.0,none
546,78.95,2647.2,none
547,86.3,3266.0,none
548,105.05,6744.25,none
549,101.9,5265.5,none
550,19.75,311.6,none
551,110.3,7966.9,none
552,115.6,8220.4,zero_monthly
553,19.35,1153.25,none
554,25.6,514.75,none
555,80.35,2596.15,none
556,68.75,3808.0,none
557,19.9,19.9,none
558,70.6,2708.2,none
559,70.2,760.05,none
560,49.3,49.3,none
561,107.25,6033.3,none
562,23.6,89.05,none
563,69.7,516.15,none
564,99.5,5861.75,none
565,64.3,445.95,none
566,70.85,4973.4,none
567,101.9,1667.25,none
568,73.5,5357.75,none
569,100.25,3527.6,none
570,40.4,422.6,none
571,19.25,1103.25,none
572,59.6,2754.0,none
573,64.9,697.25,none
574,100.3,5614.45,none
575,110.85,3204.4,none
576,81.05,4747.65,none
577,98.05,3082.1,none
578,70.5,597.9,none
579,94.55,3365.4,none
580,19.65,38.8,none
581,19.0,233.55,none
582,75.3,75.3,none
583,89.2,346.2,none
584,19.0,19.0,none
585,20.0,61.7,none
586,85.7,85.7,none
587,63.25,3342.45,none
588,20.1,85.1,zero_monthly
589,99.15,7422.1,none
590,90.4,6668.05,none
591,111.9,8071.05,none
592,24.9,1174.8,none
593,83.5,5435.0,none
594,84.3,2438.6,none
595,45.6,45.6,none
596,61.65,713.75,none
597,54.85,916.15,none
598,65.55,237.2,none
599,90.35,4614.55,none
600,20.4,1414.45,none
601,74.55,1170.5,none
602,19.95,47.7,none
603,74.25,4859.25,none
604,108.65,4903.2,none
605,109.55,3608.0,none
606,86.65,6094.25,none
607,81.0,3084.9,none
608,47.85,2356.75,none
609,114.55,8306.05,none
610,105.25,6786.4,overbilled_monthly
611,29.95,248.95,none
612,65.0,663.05,none
613,20.55,1357.1,none
614,109.8,4860.35,none
615,69.5,3418.2,none
616,48.85,631.4,none
617,25.25,186.3,total_missing
618,102.85,6976.75,none
619,87.55,4884.85,none
620,78.55,522.95,none
621,34.55,362.6,none
622,92.05,5755.8,none
623,85.05,3355.65,none
624,19.7,406.95,none
625,20.0,137.6,none
626,95.15,2395.7,none
627,84.25,1968.1,none
628,104.6,6819.45,none
629,111.65,7943.45,none
630,90.05,4547.25,none
631,110.75,4687.9,overbilled_monthly
632,55.0,2473.95,none
633,89.85,6562.9,total_missing
634,20.35,176.3,none
635,54.55,2236.2,none
636,105.5,6985.65,none
637,99.45,3109.9,none
638,70.9,4911.35,none
639,104.55,5794.65,none
640,85.25,855.3,none
641,25.4,1620.2,none
642,56.15,2499.3,none
643,89.55,89.55,none
644,89.85,4287.2,none
645,25.25,394.85,total_decimal_shift
646,94.55,1899.65,none
647,45.7,45.7,none
648,69.65,3442.15,none
649,89.5,161.5,none
650,70.0,1732.6,none
651,69.55,222.3,none
652,74.6,74.6,none
653,20.1,655.3,none
654,24.8,475.25,none
655,19.65,164.3,none
656,95.1,865.1,none
657,88.85,6132.7,none
658,78.8,3597.5,none
659,19.85,35.9,none
660,20.35,697.65,none
661,24.25,96.05,none
662,45.25,428.7,none
663,20.05,20.05,none
664,69.55,4459.15,none
665,19.5,1167.6,none
666,74.75,238.1,none
667,69.65,145.15,none
668,30.2,1453.1,none
669,45.65,191.05,none
670,57.8,4039.3,none
671,19.85,1039.45,none
672,25.55,1336.1,none
673,75.05,75.05,zero_monthly
674,24.85,493.4,none
675,49.15,2550.9,none
676,110.35,7246.15,none
677,24.55,1203.95,none
678,34.7,62.25,none
679,107.95,313.6,none
680,81.4,3775.85,none
681,80.0,80.0,none
682,73.8,4616.05,none
683,64.4,195.65,none
684,103.75,4188.4,none
685,71.1,71.1,none
686,49.9,49.9,none
687,24.6,1266.4,none
688,49.25,91.1,none
689,30.1,1623.4,none
690,83.4,4149.45,none
691,20.45,20.45,none
692,75.25,2344.5,none
693,20.55,1013.05,none
694,75.1,270.7,none
695,20.05,417.0,none
696,20.65,20.65,none
697,85.15,6316.2,none
698,50.15,168.15,none
699,84.95,4018.05,none
700,66.5,4811.6,none
701,63.3,4189.7,none
702,83.15,2848.45,none
703,84.9,2516.2,none
704,20.55,33.6,none
705,49.25,208.45,none
706,79.85,2015.35,none
707,59.6,3739.8,none
708,104.65,2964.0,none
709,75.3,2263.4,none
710,80.1,2211.8,none
711,19.55,19.55,none
712,81.0,1683.7,none
713,24.7,1519.0,none
714,86.0,1164.05,none
715,25.4,1710.9,none
716,89.15,4245.55,none
717,58.25,4145.9,none
718,85.65,2664.3,none
719,50.35,1277.5,none
720,80.35,5589.3,none
721,20.2,34.75,none
722,20.55,1305.95,none
723,85.95,381.3,none
724,45.35,141.5,none
725,94.5,3105.55,none
726,21.25,204.55,none
727,26.25,605.9,none
728,80.85,356.1,none
729,91.7,2758.15,none
730,74.2,4805.65,none
731,87.25,3941.7,none
732,20.35,92.75,none
733,75.5,1901.05,none
734,79.05,5730.7,none
735,90.15,2423.4,none
736,50.6,1653.45,none
737,110.45,3327.05,none
738,101.0,7085.5,none
739,79.35,3344.1,none
740,89.85,6697.35,none
741,65.0,2879.9,none
742,80.45,137.1,none
743,98.55,1008.55,none
744,24.1,1551.6,zero_monthly
745,44.05,202.15,none
746,110.8,7882.25,none
747,114.95,8196.4,none
748,75.05,202.9,none
749,19.25,855.1,none
750,90.05,5817.0,none
751,56.7,1652.95,none
752,80.15,5600.15,none
753,71.35,515.75,none
754,20.25,0.0,none
755,90.35,190.5,none
756,98.55,1842.8,none
757,19.7,1253.8,none
758,19.85,57.2,none
759,85.9,1269.55,none
760,90.35,6563.4,none
761,20.8,20.8,none
762,89.25,1907.85,none
763,70.3,208.85,none
764,66.85,4758.8,none
765,19.9,1292.6,none
766,35.8,363.15,none
767,78.85,1600.25,none
768,20.4,275.7,none
769,74.25,3089.1,none
770,64.8,1175.6,none
771,20.45,237.3,none
772,93.35,1444.65,none
773,19.9,19.9,none
774,88.9,454.15,none
775,95.8,3036.75,none
776,110.65,8065.65,none
777,40.3,92.5,none
778,82.0,184.65,none
779,107.0,6152.3,none
780,45.35,89.5,none
781,73.35,5154.5,none
782,44.8,220.45,none
783,54.75,1510.3,none
784,52.2,52.2,none
785,40.6,2588.95,none
786,110.0,4874.8,none
787,55.3,3983.6,none
788,60.85,2003.6,none
789,78.4,1832.4,none
790,69.65,4908.25,none
791,59.85,3590.2,none
792,76.9,5023.0,none
793,19.85,146.6,none
794,67.65,2339.3,none
795,45.0,298.7,none
796,64.2,143.65,none
797,81.7,2548.65,zero_monthly
798,25.55,507.4,none
799,20.0,20.0,none
800,96.75,6125.4,none
801,75.65,5411.4,none
802,98.5,1058.25,none
803,23.8,903.8,none
804,64.2,3009.5,none
805,85.35,489.45,none
806,76.8,5468.45,none
807,55.2,1058.1,none
808,108.55,7616.0,none
809,101.3,4113.1,none
810,69.55,69.55,none
811,103.25,6017.65,none
812,104.0,7250.15,none
813,25.25,1108.2,none
814,30.4,938.65,none
815,20.05,94.15,none
816,84.6,2088.05,none
817,86.2,178.7,none
818,103.7,5656.75,none
819,111.2,2317.1,none
820,88.0,5986.45,none
821,106.35,6751.35,none
822,79.15,3566.6,none
823,103.1,4889.3,none
824,63.95,318.1,none
825,25.8,1563.95,none
826,89.45,1430.25,none
827,95.6,644.35,none
828,25.55,372.45,none
829,90.95,5453.4,none
830,44.85,1442.6,none
831,108.55,5610.7,total_decimal_shift
832,25.05,963.95,none
833,74.1,5222.3,none
834,88.8,3340.55,none
835,78.85,292.8,none
836,93.25,5774.55,none
837,71.4,4487.3,none
838,44.4,44.4,none
839,79.2,2854.95,none
840,20.4,905.55,none
841,100.0,5509.3,none
842,105.0,7589.8,none
843,19.8,229.6,none
844,30.85,394.1,none
845,89.9,89.9,none
846,20.55,295.95,none
847,84.85,5459.2,none
848,33.15,444.75,none
849,92.0,6782.15,none
850,89.8,6510.45,none
851,115.8,8476.5,none
852,85.15,4461.85,none
853,24.85,62.0,none
854,64.35,352.65,none
855,20.5,1424.9,none
856,100.15,6413.65,none
857,86.05,6309.65,none
858,50.8,50.8,none
859,89.0,5898.6,none
860,64.8,4719.75,none
861,19.8,457.3,none
862,93.4,5822.3,none
863,73.65,1463.5,none
864,95.1,307.4,none
865,94.65,2104.55,none
866,80.6,319.15,none
867,39.0,2337.45,none
868,20.5,104.3,none
869,85.55,5084.65,none
870,26.4,121.25,none
871,98.2,7015.9,none
872,97.55,5598.0,none
873,19.95,1269.1,none
874,50.8,3027.4,none
875,99.7,4634.35,none
876,34.8,113.95,none
877,105.1,1582.75,none
878,60.15,3077.0,none
879,64.75,4039.5,none
880,54.65,1665.2,none
881,110.1,1043.3,none
882,19.3,504.2,none
883,83.9,497.55,none
884,111.25,7511.65,total_decimal_shift
885,35.8,1782.0,none
886,20.05,20.05,none
887,84.35,609.65,none
888,110.5,2857.6,none
889,91.2,3247.55,none
890,100.55,6215.35,none
891,89.3,2823.0,none
892,103.85,5017.9,none
893,81.1,2619.25,none
894,24.6,24.6,none
895,81.2,4965.1,none
896,94.3,2679.7,none
897,116.1,8310.55,none
898,105.55,5682.25,total_missing
899,98.9,1120.95,none
900,94.4,4914.9,none
901,19.5,27.55,none
902,98.3,923.5,none
903,93.85,1625.65,none
904,105.6,6068.65,none
905,81.35,5398.6,none
906,100.5,918.6,none
907,56.4,234.85,none
908,65.35,1231.85,none
909,19.95,170.9,none
910,111.25,7984.15,none
911,72.85,688.65,none
912,89.0,1288.3,none
913,106.1,7848.5,none
914,20.05,267.0,none
915,25.2,1798.9,none
916,73.55,73.55,none
917,75.4,1643.55,none
918,65.55,4807.45,none
919,80.7,2193.0,none
920,104.55,2239.4,none
921,24.15,1505.9,none
922,20.45,255.35,none
923,75.4,1189.4,none
924,79.7,4786.15,none
925,81.7,1820.9,none
926,76.3,2404.15,none
927,79.4,205.05,none
928,81.15,952.3,none
929,103.75,7039.45,none
930,86.45,2538.05,none
931,75.1,1212.85,none
932,80.6,2651.1,none
933,19.3,1304.8,none
934,84.6,360.1,none
935,33.6,435.45,none
936,83.25,308.05,none
937,80.85,0.0,none
938,79.05,434.5,none
939,108.05,7118.9,none
940,19.9,320.45,none
941,21.05,531.55,none
942,30.15,382.2,none
943,79.85,2001.0,none
944,65.5,4919.7,none
945,104.1,5645.8,none
946,74.4,215.8,none
947,20.5,77.6,none
948,91.35,2896.55,none
949,99.05,3395.8,none
950,20.5,759.35,none
951,44.95,85.15,none
952,75.6,535.55,none
953,55.1,1253.15,none
954,58.95,955.15,none
955,95.1,2162.6,none
956,44.7,44.7,none
957,25.45,1813.35,none
958,56.75,245.15,none
959,81.75,2028.8,none
960,86.1,2723.75,none
961,29.8,220.45,none
962,20.5,365.8,none
963,60.9,551.95,none
964,73.25,4054.2,none
965,45.7,45.7,none
966,100.3,832.35,none
967,19.25,112.3,none
968,20.85,60.65,none
969,77.35,5550.1,none
970,96.0,174.8,none
971,90.55,90.55,total_missing
972,93.85,4733.1,none
973,70.1,4048.95,none
974,30.35,1359.7,overbilled_monthly
975,75.95,4542.35,none
976,108.05,7532.15,none
977,69.9,69.9,none
978,75.25,888.65,none
979,103.75,6383.35,none
980,54.95,1916.0,none
981,19.5,413.0,none
982,19.6,808.95,none
983,47.85,1886.4,none
984,86.6,86.6,none
985,23.75,1679.25,none
986,80.6,2656.5,none
987,43.8,540.95,none
988,19.75,19.75,none
989,19.15,537.35,none
990,19.6,678.8,none
991,80.3,4513.65,none
992,24.35,1423.85,none
993,25.25,555.4,none
994,26.1,225.55,none
995,20.0,268.45,none
996,85.3,2917.5,none
997,70.0,2416.1,none
998,94.3,424.45,none
999,20.7,1492.1,none
1000,70.3,132.4,none
1001,95.35,660.9,none
1002,75.5,1893.95,none
1003,69.55,284.9,none
1004,19.85,784.25,none
1005,20.0,417.7,none
1006,95.85,5016.25,none
1007,90.1,1612.75,none
1008,68.95,119.75,none
1009,99.55,3204.65,none
1010,20.75,485.2,none
1011,50.15,160.85,none
1012,58.65,4145.25,none
1013,95.9,827.45,none
1014,49.5,49.5,none
1015,57.45,990.85,none
1016,53.65,696.35,none
1017,80.1,5585.4,none
1018,24.4,1601.2,none
1019,40.05,162.45,none
1020,19.5,470.2,none
1021,51.05,2066.0,none
1022,54.35,1426.45,none
1023,84.7,392.5,none
1024,86.1,3861.45,none
1025,70.35,2552.9,none
1026,110.0,6668.35,none
1027,100.6,819.4,none
1028,94.9,4615.25,none
1029,83.75,2070.6,none
1030,88.3,273.75,none
1031,69.75,3557.7,none
1032,71.6,1957.1,none
1033,92.1,729.95,none
1034,23.65,1416.75,none
1035,81.85,5924.4,none
1036,25.1,1697.7,none
1037,114.7,7849.85,none
1038,49.15,649.4,none
1039,80.9,4557.5,none
1040,79.45,3013.05,none
1041,90.45,1266.1,none
1042,19.3,360.35,none
1043,70.2,1046.5,none
1044,69.75,2347.9,none
1045,54.25,447.75,none
1046,99.3,4209.95,none
1047,74.0,3877.65,none
1048,50.25,152.3,none
1049,19.8,572.2,none
1050,19.65,19.65,none
1051,43.65,526.95,none
1052,35.5,552.7,none
1053,80.75,3208.65,none
1054,39.5,210.75,none
1055,97.1,3706.95,none
1056,19.55,620.75,none
1057,80.0,412.5,none
1058,84.7,832.05,none
1059,89.55,185.55,none
1060,90.6,1943.2,none
1061,20.05,505.9,none
1062,112.4,8046.85,none
1063,50.2,1815.3,none
1064,62.25,612.95,none
1065,55.7,795.15,zero_monthly
1066,90.05,2169.8,none
1067,19.65,973.1,none
1068,89.25,2210.2,none
1069,99.05,4853.75,none
1070,54.0,1055.9,overbilled_monthly
1071,69.75,144.55,none
1072,49.05,91.1,none
1073,56.75,1304.85,none
1074,98.05,713.0,none
1075,21.1,21.1,none
1076,96.65,5580.8,none
1077,24.5,1497.9,none
1078,114.5,4527.45,none
1079,79.2,4590.35,none
1080,69.55,200.2,none
1081,20.05,614.45,none
1082,98.85,4564.9,none
1083,25.75,0.0,none
1084,80.95,171.15,none
1085,19.6,1012.4,none
1086,74.3,940.35,none
1087,89.7,1047.7,none
1088,87.65,2766.4,none
1089,100.45,1622.45,none
1090,74.75,1129.35,none
1091,107.45,5680.9,none
1092,75.35,2243.9,none
1093,64.95,4523.25,none
1094,100.45,7159.7,none
1095,68.5,2839.95,none
1096,80.55,80.55,none
1097,81.25,580.1,none
1098,90.4,2178.6,none
1099,89.55,6038.55,none
1100,55.7,259.4,none
1101,24.8,324.15,none
1102,20.0,417.65,none
1103,56.15,168.15,none
1104,105.2,5637.85,none
1105,19.55,839.4,none
1106,79.75,769.1,none
1107,97.45,6253.0,none
1108,24.25,1641.8,none
1109,24.6,1678.05,none
1110,50.15,2058.5,none
1111,39.6,2424.5,none
1112,94.4,387.2,none
1113,89.85,6293.45,none
1114,78.95,2839.65,total_missing
1115,98.85,3145.9,none
1116,53.85,2200.7,none
1117,24.25,914.4,none
1118,89.45,4577.75,none
1119,105.25,4997.5,none
1120,59.5,4144.8,none
1121,70.55,1493.55,none
1122,82.5,4179.1,none
1123,44.85,893.55,none
1124,61.6,1611.0,none
1125,49.05,593.05,none
1126,105.65,4284.8,none
1127,74.65,544.55,none
1128,66.25,1533.8,none
1129,19.4,529.8,none
1130,86.05,3865.6,none
1131,19.15,515.75,none
1132,64.7,941.0,none
1133,104.05,1133.65,total_missing
1134,19.25,48.35,none
1135,81.95,2070.05,none
1136,114.65,8333.95,none
1137,20.0,1209.25,none
1138,19.8,1396.25,none
1139,65.15,723.35,none
1140,19.65,228.65,none
1141,88.95,1161.75,none
1142,20.2,98.35,none
1143,75.2,775.3,none
1144,56.8,1074.65,none
1145,35.55,35.55,none
1146,75.5,2324.7,none
1147,35.6,1072.6,none
1148,60.25,170.5,none
1149,95.15,196.9,none
1150,96.65,1162.85,none
1151,40.35,1677.85,none
1152,18.85,18.85,none
1153,54.85,370.4,none
1154,64.3,3410.6,none
1155,24.65,1138.8,none
1156,76.1,5264.25,none
1157,18.7,1005.7,none
1158,97.95,5936.55,none
1159,94.1,5475.9,none
1160,80.4,224.05,none
1161,95.1,2326.05,none
1162,31.35,31.35,none
1163,72.35,4991.5,none
1164,89.75,1052.4,none
1165,82.7,5831.2,none
1166,19.9,510.8,none
1167,53.8,283.95,none
1168,51.55,1295.4,none
1169,19.65,19.65,total_missing
1170,44.05,3011.65,none
1171,114.0,8093.15,overbilled_monthly
1172,94.4,5610.25,none
1173,100.4,3217.65,none
1174,19.85,19.85,none
1175,54.25,773.2,none
1176,80.0,1029.35,none
1177,109.9,669.45,none
1178,79.2,3593.8,none
1179,101.35,1553.95,none
1180,94.3,3953.15,none
1181,49.8,1971.15,none
1182,60.05,1236.15,none
1183,53.75,3196.0,none
1184,93.45,4872.2,none
1185,87.9,1500.5,none
1186,60.15,60.15,none
1187,61.05,3478.75,none
1188,104.05,7413.55,none
1189,99.25,3532.0,none
1190,85.7,256.75,none
1191,104.85,3887.25,none
1192,69.15,2490.15,none
1193,90.45,593.45,none
1194,74.45,3510.3,none
1195,50.45,765.45,none
1196,60.0,1259.35,none
1197,85.25,5538.35,none
1198,19.45,340.85,none
1199,20.75,844.45,none
1200,78.9,1348.95,none
1201,104.5,3778.0,none
1202,49.4,611.65,none
1203,94.25,4867.95,none
1204,25.0,1505.05,none
1205,25.55,467.85,none
1206,74.9,74.9,none
1207,70.15,194.2,none
1208,69.4,571.45,none
1209,80.25,80.25,none
1210,93.15,5253.95,none
1211,69.0,1149.65,none
1212,66.35,740.8,none
1213,69.55,521.35,none
1214,20.2,1412.65,none
1215,86.0,1532.45,none
1216,80.3,250.05,none
1217,20.4,1090.6,none
1218,23.75,1446.8,none
1219,90.55,2282.55,none
1220,70.45,4300.45,none
1221,65.75,1111.2,none
1222,24.6,190.1,none
1223,69.25,4447.75,none
1224,75.9,143.35,none
1225,45.85,45.85,none
1226,49.95,810.2,none
1227,24.65,1830.05,none
1228,90.4,2820.65,none
1229,100.85,4847.35,none
1230,75.35,4729.3,none
1231,87.2,4017.45,none
1232,64.4,1398.6,none
1233,78.3,2564.3,none
1234,24.7,1685.9,none
1235,105.85,5826.65,none
1236,98.3,6066.55,none
1237,76.95,228.4,none
1238,19.45,270.2,none
1239,96.15,1529.2,none
1240,58.7,168.6,none
1241,20.15,536.35,none
1242,64.5,1888.45,none
1243,28.5,629.35,none
1244,45.3,45.3,none
1245,19.4,289.3,none
1246,90.45,2117.25,none
1247,105.15,4730.9,none
1248,83.15,2033.05,none
1249,90.15,987.95,none
1250,45.05,45.05,none
1251,103.2,5744.35,none
1252,75.8,75.8,none
1253,19.45,19.45,none
1254,79.3,523.15,total_decimal_shift
1255,88.8,4805.3,none
1256,30.9,59.05,none
1257,85.9,6110.75,none
1258,34.2,1596.6,none
1259,20.15,1046.2,none
1260,95.25,4424.2,none
1261,50.3,92.75,none
1262,80.15,194.55,none
1263,51.25,612.1,none
1264,89.6,6127.6,none
1265,95.2,6671.7,none
1266,94.8,5264.3,none
1267,80.25,303.7,none
1268,76.1,4818.8,none
1269,110.15,6448.05,none
1270,115.55,7159.05,none
1271,24.65,1574.5,none
1272,53.6,2879.2,none
1273,19.45,86.05,none
1274,88.2,4159.45,none
1275,101.15,6638.35,none
1276,56.8,3112.05,none
1277,99.4,7168.25,none
1278,20.1,1326.25,none
1279,60.7,2234.55,none
1280,20.95,495.15,none
1281,114.85,8317.95,none
1282,19.25,679.8,none
1283,62.8,62.8,none
1284,105.5,7544.0,none
1285,19.85,1188.25,none
1286,89.5,676.7,none
1287,74.1,74.1,none
1288,107.5,3242.5,none
1289,19.55,1240.15,none
1290,68.8,4111.35,none
1291,84.45,5899.85,none
1292,75.0,632.95,none
1293,84.5,5193.2,none
1294,111.2,7530.8,none
1295,44.75,270.95,none
1296,80.6,5460.2,none
1297,80.7,1614.2,none
1298,75.6,402.5,none
1299,57.6,1367.75,none
1300,44.05,483.7,none
1301,110.6,7962.2,none
1302,58.2,3810.8,none
1303,81.0,3533.6,none
1304,19.7,1396.9,none
1305,85.6,1345.55,none
1306,59.55,1646.45,none
1307,115.55,8127.6,none
1308,75.55,2680.15,none
1309,86.6,1281.0,none
1310,85.2,1553.9,none
1311,97.65,3207.55,overbilled_monthly
1312,45.1,2049.05,none
1313,70.95,3629.2,none
1314,109.55,5124.55,none
1315,89.55,3474.45,none
1316,20.9,202.3,none
1317,19.95,147.5,none
1318,24.6,86.35,none
1319,66.7,579.0,none
1320,19.45,19.45,none
1321,94.8,3131.55,none
1322,65.85,3928.3,none
1323,19.95,187.75,none
1324,24.65,1710.15,none
1325,20.35,76.35,none
1326,69.25,69.25,none
1327,51.25,2151.6,none
1328,99.5,5961.1,none
1329,54.25,1221.55,none
1330,19.4,1496.45,none
1331,56.25,1292.2,none
1332,25.15,25.15,none
1333,23.95,1713.1,none
1334,35.4,1748.9,none
1335,25.2,25.2,none
1336,45.0,96.45,none
1337,75.35,1114.55,none
1338,20.4,609.1,none
1339,20.15,20.15,none
1340,105.0,7133.25,none
1341,56.05,0.0,none
1342,54.7,169.45,none
1343,20.0,141.6,total_missing
1344,73.05,4688.65,none
1345,20.5,563.05,none
1346,100.75,5985.0,none
1347,87.25,1258.6,none
1348,19.95,373.5,none
1349,79.95,857.2,none
1350,49.65,2553.35,none
1351,65.65,4322.85,none
1352,20.45,250.8,none
1353,60.95,4549.05,none
1354,20.35,1359.5,none
1355,88.35,1639.3,none
1356,19.5,178.85,none
1357,75.2,633.85,none
1358,111.45,5315.1,none
1359,70.15,735.5,none
1360,94.75,889.9,none
1361,95.05,1290.0,none
1362,78.45,330.05,none
1363,70.2,237.95,none
1364,92.0,6474.4,none
1365,85.5,4421.95,none
1366,41.05,2452.7,none
1367,85.6,813.85,none
1368,82.15,4904.85,none
1369,84.4,4484.05,none
1370,60.9,2033.85,none
1371,20.25,538.2,none
1372,79.2,79.2,none
1373,95.3,2192.9,none
1374,19.85,19.85,none
1375,84.35,3858.05,none
1376,19.85,854.8,none
1377,70.0,347.4,none
1378,82.3,5815.15,none
1379,66.8,3970.4,none
1380,44.6,3058.15,none
1381,98.45,6145.2,none
1382,70.7,129.2,overbilled_monthly
1383,24.95,1165.9,none
1384,49.95,49.95,none
1385,69.25,1554.0,none
1386,102.5,4904.25,none
1387,86.55,5632.55,none
1388,24.3,1643.25,none
1389,58.35,740.55,overbilled_monthly
1390,94.25,3217.55,none
1391,68.75,4888.2,none
1392,85.8,2440.25,none
1393,20.1,620.55,none
1394,20.35,20.35,none
1395,110.8,6840.95,none
1396,73.0,3001.2,none
1397,100.05,6254.2,none
1398,82.85,319.6,none
1399,84.35,1938.05,none
1400,19.55,294.5,none
1401,19.95,58.3,none
1402,99.8,442.85,none
1403,35.0,553.0,none
1404,66.25,546.45,none
1405,23.3,797.1,none
1406,76.0,76.0,none
1407,25.3,1673.8,none
1408,44.55,343.45,none
1409,104.1,7412.25,none
1410,92.55,4039.0,none
1411,93.85,170.85,none
1412,101.45,2948.6,none
1413,84.3,1308.4,none
1414,94.55,6078.75,none
1415,95.5,3418.2,none
1416,100.3,6603.8,none
1417,55.5,3166.9,none
1418,49.85,865.75,none
1419,89.55,6373.1,none
1420,19.15,1177.05,none
1421,99.8,5985.75,none
1422,84.4,732.5,none
1423,113.05,7869.05,none
1424,101.1,1504.05,none
1425,19.95,936.7,none
1426,74.15,741.4,none
1427,92.0,6585.2,none
1428,73.85,3122.4,none
1429,50.45,50.45,none
1430,24.45,1088.25,none
1431,24.8,615.35,none
1432,64.85,2908.2,none
1433,20.75,739.9,none
1434,68.95,593.85,none
1435,99.95,1132.75,none
1436,109.4,7227.45,none
1437,91.4,193.6,none
1438,49.0,1291.35,none
1439,50.25,2023.55,none
1440,75.55,349.65,none
1441,19.9,153.95,none
1442,97.8,5458.8,none
1443,100.3,5244.45,none
1444,55.8,154.55,none
1445,111.15,4507.15,none
1446,98.55,2031.95,none
1447,50.05,50.05,none
1448,80.8,332.45,none
1449,20.85,473.9,none
1450,19.5,106.8,none
1451,19.35,152.6,none
1452,69.5,1199.4,none
1453,48.8,2555.05,none
1454,94.5,2979.2,none
1455,20.65,654.85,none
1456,106.05,3834.4,none
1457,100.0,1534.75,none
1458,108.3,4586.15,none
1459,20.55,20.55,none
1460,99.65,5941.05,none
1461,85.3,424.15,none
1462,95.9,2234.95,none
1463,20.0,666.75,none
1464,70.4,281.0,none
1465,64.95,547.8,none
1466,74.6,74.6,none
1467,49.2,571.15,none
1468,73.75,1756.6,none
1469,92.3,5731.45,none
1470,98.8,3475.55,none
1471,19.2,156.85,none
1472,88.65,2683.2,none
1473,74.4,896.75,none
1474,98.75,2407.3,none
1475,95.95,4456.65,none
1476,105.4,6998.95,none
1477,20.25,36.8,none
1478,106.0,6547.7,none
1479,104.7,4346.4,none
1480,49.05,2265.0,none
1481,35.55,1309.15,none
1482,65.1,4754.3,none
1483,96.85,1235.55,none
1484,69.75,3562.5,none
1485,99.2,7213.75,none
1486,96.7,2082.95,none
1487,55.05,102.75,none
1488,106.8,5914.4,none
1489,51.25,51.25,none
1490,57.75,1282.85,none
1491,70.85,4738.85,none
1492,19.55,19.55,none
1493,88.2,1775.8,none
1494,79.5,795.65,none
1495,19.75,145.0,none
1496,98.15,4993.4,none
1497,20.25,61.45,none
1498,79.15,4018.55,none
1499,75.65,1146.65,none
1500,94.25,6081.4,overbilled_monthly
1501,40.2,1478.85,none
1502,19.95,243.65,none
1503,55.35,2633.95,none
1504,102.15,4735.35,none
1505,71.1,1247.75,none
1506,74.7,74.7,none
1507,54.1,3794.5,none
1508,19.65,1008.7,none
1509,88.45,2130.55,none
1510,76.65,1313.55,none
1511,80.4,5727.15,none
1512,19.25,1372.9,none
1513,84.8,1203.9,none
1514,25.8,25.8,none
1515,19.5,1215.1,none
1516,68.6,2877.05,none
1517,92.6,1579.7,none
1518,100.55,5514.95,none
1519,20.55,96.1,none
1520,42.6,72.4,none
1521,19.6,55.25,none
1522,67.45,2443.3,none
1523,68.85,1970.5,none
1524,43.55,335.4,none
1525,109.85,7002.95,none
1526,20.65,158.95,none
1527,95.4,293.15,none
1528,21.0,1493.75,none
1529,56.2,1093.4,none
1530,18.4,1057.85,none
1531,90.0,190.05,none
1532,25.75,882.55,none
1533,19.6,300.4,none
1534,75.35,1025.95,none
1535,19.8,1436.95,none
1536,64.2,475.0,none
1537,75.75,5388.15,none
1538,78.95,5730.15,none
1539,100.85,819.55,none
1540,50.3,217.1,none
1541,80.3,4896.35,none
1542,19.85,1434.1,none
1543,21.1,937.1,none
1544,69.95,330.15,none
1545,50.0,1474.9,none
1546,104.75,6536.5,none
1547,19.85,1128.1,none
1548,107.5,6873.75,none
1549,85.9,2199.05,none
1550,45.85,45.85,none
1551,80.8,457.1,none
1552,25.25,566.5,none
1553,80.55,2471.6,none
1554,81.5,3107.3,none
1555,20.9,518.3,none
1556,106.1,5769.75,none
1557,91.7,91.7,none
1558,67.25,832.3,none
1559,95.6,1555.65,none
1560,20.35,45.3,none
1561,45.05,1790.6,none
1562,74.95,74.95,none
1563,34.65,246.6,none
1564,69.35,261.65,none
1565,95.35,898.35,none
1566,81.55,4509.5,none
1567,75.4,5480.25,none
1568,67.8,653.15,none
1569,111.4,1183.05,none
1570,46.3,639.45,none
1571,20.4,478.75,total_decimal_shift
1572,20.05,20.05,none
1573,45.0,127.1,none
1574,96.1,4391.45,none
1575,19.65,270.6,none
1576,99.5,6710.5,none
1577,60.65,3975.9,none
1578,98.6,1704.95,none
1579,59.5,415.95,none
1580,80.45,950.2,none
1581,71.7,1497.05,none
1582,36.0,780.15,none
1583,65.2,3512.15,none
1584,48.95,273.25,none
1585,53.5,3517.9,none
1586,80.45,3375.9,none
1587,109.05,7508.55,none
1588,26.3,1245.05,none
1589,106.8,5347.95,none
1590,64.95,493.65,none
1591,19.35,1263.85,none
1592,21.1,385.55,none
1593,77.95,3384.0,none
1594,18.85,84.2,none
1595,26.0,1638.7,none
1596,74.7,165.4,none
1597,70.35,120.25,none
1598,96.9,4473.45,none
1599,19.55,520.55,none
1600,80.4,5717.85,none
1601,88.8,88.8,none
1602,94.65,4312.5,none
1603,90.25,2755.35,none
1604,64.65,994.55,none
1605,95.75,6511.25,none
1606,19.55,1218.65,none
1607,104.1,7447.7,none
1608,89.05,1169.35,none
1609,20.1,279.5,none
1610,111.55,5720.35,none
1611,60.5,3121.45,none
1612,90.95,6468.6,none
1613,87.4,5918.8,none
1614,19.7,675.6,none
1615,50.95,3521.7,none
1616,20.05,923.1,none
1617,19.4,1110.35,none
1618,59.45,1611.65,none
1619,94.75,2293.6,none
1620,81.5,5553.25,none
1621,29.05,44.75,none
1622,86.45,3029.1,none
1623,70.6,3231.05,none
1624,97.2,5129.45,none
1625,98.25,5508.35,none
1626,75.75,655.9,none
1627,59.2,1191.2,none
1628,75.9,866.4,none
1629,90.05,2627.2,none
1630,70.95,4741.45,none
1631,102.6,4009.2,none
1632,85.35,1463.45,none
1633,106.1,5082.8,none
1634,43.8,43.8,none
1635,59.0,3707.6,none
1636,69.95,220.45,total_decimal_shift
1637,24.35,1133.7,none
1638,29.45,1983.15,none
1639,84.4,5746.75,none
1640,45.05,770.6,none
1641,20.65,134.05,none
1642,87.1,6230.1,none
1643,19.85,573.05,none
1644,90.35,3419.3,none
1645,109.8,3587.25,none
1646,84.65,3541.35,none
1647,65.5,3801.3,none
1648,79.5,868.5,none
1649,80.95,4859.1,none
1650,56.15,1439.35,none
1651,85.8,85.8,none
1652,79.1,79.1,none
1653,34.4,592.75,none
1654,20.75,1185.95,none
1655,18.8,18.8,none
1656,44.3,134.5,none
1657,90.8,4921.2,none
1658,25.6,901.25,none
1659,105.95,5341.8,none
1660,70.8,4859.95,none
1661,25.4,1139.2,none
1662,108.8,7082.45,none
1663,69.75,324.6,total_missing
1664,94.65,4812.75,none
1665,96.05,4399.5,none
1666,76.85,663.55,none
1667,20.25,174.65,none
1668,24.8,321.7,none
1669,115.65,5125.5,none
1670,74.6,548.9,none
1671,50.15,50.15,none
1672,103.15,7031.3,none
1673,72.1,5016.65,none
1674,113.6,4594.95,none
1675,25.1,611.45,none
1676,78.9,2384.15,none
1677,80.15,319.85,none
1678,25.4,153.3,none
1679,105.4,7035.6,overbilled_monthly
1680,45.75,344.2,none
1681,24.45,1431.65,none
1682,25.0,1849.2,none
1683,85.25,6083.1,none
1684,19.6,426.65,none
1685,50.15,1655.35,none
1686,70.55,1943.9,none
1687,60.05,1616.15,none
1688,26.4,314.95,none
1689,20.15,804.85,none
1690,58.85,465.7,none
1691,97.55,6669.05,none
1692,19.65,1161.75,none
1693,25.25,947.75,none
1694,114.45,8375.05,none
1695,34.7,34.7,none
1696,70.7,3770.0,none
1697,85.3,264.8,none
1698,75.55,4707.85,none
1699,84.8,6152.4,none
1700,20.65,958.1,none
1701,20.45,943.0,none
1702,102.45,6615.15,none
1703,104.4,2200.25,none
1704,35.65,425.1,none
1705,99.75,99.75,none
1706,90.45,5044.8,none
1707,97.65,6743.55,none
1708,73.85,196.4,none
1709,74.4,299.7,total_missing
1710,69.1,2093.9,none
1711,82.75,417.75,none
1712,24.4,1725.4,none
1713,55.25,1620.2,none
1714,61.35,3169.55,none
1715,76.75,5233.25,none
1716,19.4,967.85,none
1717,54.75,438.05,none
1718,19.7,1421.9,none
1719,19.9,323.15,none
1720,107.95,318.6,none
1721,83.8,163.7,none
1722,74.25,639.65,none
1723,56.4,2928.5,none
1724,20.1,100.35,none
1725,94.9,273.2,none
1726,94.2,1608.15,none
1727,49.9,1441.95,none
1728,71.05,2168.15,none
1729,81.65,3618.7,none
1730,89.45,5692.65,none
1731,59.85,59.85,none
1732,69.6,69.6,none
1733,99.0,5969.3,none
1734,19.05,19.05,none
1735,45.4,418.8,none
1736,114.45,8100.55,none
1737,19.5,19.5,none
1738,44.25,313.45,none
1739,90.55,6130.95,none
1740,69.9,69.9,none
1741,20.4,745.3,none
1742,71.4,1212.1,none
1743,87.15,183.75,none
1744,24.85,1583.5,none
1745,104.45,4162.05,none
1746,19.8,1119.9,none
1747,116.45,8013.55,none
1748,84.75,264.85,none
1749,20.05,1102.4,none
1750,110.75,5832.0,none
1751,89.7,4304.5,none
1752,89.95,1178.4,none
1753,48.7,1421.75,none
1754,96.6,6827.5,none
1755,74.3,4698.05,none
1756,54.3,654.5,none
1757,74.85,3268.05,none
1758,79.95,4362.05,none
1759,20.05,1386.9,none
1760,19.4,415.4,none
1761,54.9,2614.1,none
1762,24.45,1513.6,none
1763,89.65,3161.6,none
1764,45.4,80.95,none
1765,75.7,4676.7,none
1766,110.65,6526.65,none
1767,20.55,583.3,none
1768,115.15,8078.1,none
1769,58.55,3503.5,none
1770,93.25,6669.45,none
1771,113.2,4689.5,none
1772,90.5,1201.15,none
1773,79.0,143.65,none
1774,19.35,1292.65,none
1775,48.75,48.75,none
1776,109.05,7108.2,none
1777,25.0,1802.55,none
1778,54.9,1505.15,none
1779,24.75,1859.1,none
1780,91.15,168.5,none
1781,20.15,390.85,none
1782,104.35,6339.45,none
1783,66.05,1652.4,none
1784,71.65,71.65,none
1785,20.35,77.5,none
1786,92.2,6392.85,none
1787,84.25,3264.5,none
1788,105.2,4599.15,none
1789,19.6,1134.25,none
1790,30.4,1621.35,none
1791,78.1,947.3,none
1792,61.5,2722.2,none
1793,69.4,3058.3,none
1794,24.75,1769.6,none
1795,91.05,6293.75,none
1796,89.65,1761.05,none
1797,73.65,1642.75,none
1798,19.4,578.5,none
1799,26.2,954.9,none
1800,98.7,973.25,none
1801,43.85,43.85,none
1802,69.7,1490.4,none
1803,38.55,280.0,none
1804,53.1,1901.25,none
1805,20.65,716.4,none
1806,64.45,4720.0,none
1807,25.1,930.95,none
1808,76.35,76.35,none
1809,79.15,1676.95,none
1810,85.0,2642.05,none
1811,95.15,6770.85,none
1812,79.35,1835.3,none
1813,96.65,1588.25,none
1814,75.5,75.5,none
1815,19.7,258.35,none
1816,20.5,1502.25,none
1817,19.2,19.2,none
1818,98.35,6929.4,none
1819,74.35,4453.3,none
1820,51.35,3244.4,none
1821,45.65,323.45,none
1822,85.3,2661.1,none
1823,86.55,2697.4,none
1824,73.85,1424.5,none
1825,20.3,1401.15,none
1826,54.2,1739.6,none
1827,90.65,5931.0,none
1828,50.9,2333.85,none
1829,25.05,949.85,none
1830,74.85,572.45,none
1831,20.5,696.8,none
1832,63.55,1381.8,none
1833,44.85,2572.95,none
1834,47.95,47.95,none
1835,45.1,45.1,none
1836,45.0,45.0,none
1837,96.0,2122.45,none
1838,20.05,20.05,none
1839,90.05,4931.8,none
1840,25.3,116.95,none
1841,108.65,6937.95,none
1842,24.3,1261.7,total_missing
1843,75.95,3273.8,none
1844,19.7,1415.85,none
1845,66.4,3958.2,none
1846,35.75,2492.25,none
1847,18.8,279.2,none
1848,19.4,1083.0,none
1849,19.3,755.5,none
1850,45.55,402.6,none
1851,67.45,3252.0,none
1852,35.1,68.75,none
1853,46.2,46.2,none
1854,45.15,45.15,none
1855,43.3,43.3,none
1856,20.1,936.85,none
1857,57.15,2250.65,none
1858,58.9,3857.1,total_decimal_shift
1859,73.2,1441.1,none
1860,85.35,4338.6,none
1861,19.45,1378.45,none
1862,45.95,45.95,none
1863,50.5,2566.3,none
1864,25.1,171.0,none
1865,60.7,1597.4,none
1866,99.0,4744.35,none
1867,104.4,6721.6,none
1868,83.75,247.25,none
1869,44.05,44.05,none
1870,24.1,1734.65,none
1871,45.55,45.55,none
1872,93.8,4539.35,none
1873,19.7,804.25,none
1874,70.65,5011.15,total_missing
1875,86.45,3574.5,none
1876,114.1,8086.4,none
1877,95.2,4563.0,none
1878,88.55,6362.35,none
1879,20.75,67.1,none
1880,70.05,70.05,none
1881,86.0,165.45,none
1882,44.65,1156.55,none
1883,60.2,1834.15,none
1884,100.5,3653.35,none
1885,55.45,1477.65,none
1886,70.3,1706.45,none
1887,60.4,3953.7,none
1888,72.65,1194.3,none
1889,55.8,1327.85,none
1890,31.1,419.7,none
1891,21.0,21.0,none
1892,45.1,45.1,none
1893,50.95,207.35,none
1894,69.1,1083.7,none
1895,43.95,2007.85,none
1896,86.5,5882.75,none
1897,69.95,2657.55,none
1898,50.4,1527.5,none
1899,78.95,378.4,none
1900,90.95,1612.2,none
1901,19.9,76.65,none
1902,20.15,260.7,none
1903,90.6,6441.85,none
1904,92.0,266.8,zero_monthly
1905,94.45,5124.6,none
1906,24.85,962.25,none
1907,36.0,1382.9,none
1908,78.5,571.05,none
1909,19.95,1399.35,none
1910,20.65,150.0,none
1911,30.5,167.2,none
1912,106.1,7657.4,none
1913,20.5,865.05,none
1914,95.5,6153.85,none
1915,64.6,174.2,none
1916,51.1,1269.6,none
1917,84.8,3862.55,none
1918,89.1,6352.4,none
1919,54.95,1348.5,none
1920,50.9,50.9,none
1921,20.45,471.55,none
1922,85.95,5931.75,none
1923,60.35,1404.65,none
1924,19.8,726.1,none
1925,85.35,1961.6,none
1926,72.1,4194.85,none
1927,99.8,4872.45,total_decimal_shift
1928,107.35,5118.95,none
1929,19.55,658.95,none
1930,81.05,81.05,none
1931,20.5,76.95,none
1932,111.8,5809.75,none
1933,20.2,20.2,none
1934,19.7,415.9,none
1935,79.1,246.5,none
1936,19.85,996.95,none
1937,60.5,3145.15,none
1938,19.55,265.3,none
1939,20.9,20.9,none
1940,21.05,21.05,none
1941,71.5,4576.3,none
1942,54.65,189.1,none
1943,19.2,908.15,none
1944,49.8,49.8,none
1945,25.5,215.2,none
1946,20.5,1500.95,none
1947,90.4,5099.15,none
1948,90.25,6385.95,none
1949,80.75,159.45,none
1950,104.6,6885.75,none
1951,91.85,5940.85,none
1952,50.2,668.85,none
1953,95.5,1916.2,none
1954,75.35,75.35,none
1955,75.45,75.45,none
1956,95.4,4613.95,none
1957,101.3,7261.25,none
1958,53.1,2459.8,none
1959,84.85,2048.8,none
1960,34.25,163.55,none
1961,88.6,2888.7,none
1962,60.15,2421.6,none
1963,99.95,2292.75,none
1964,70.7,553.4,none
1965,54.8,3465.7,none
1966,49.55,1210.4,none
1967,54.8,1291.3,none
1968,78.6,5356.45,none
1969,100.3,5200.8,none
1970,53.6,3237.05,none
1971,81.1,576.65,none
1972,19.35,433.75,none
1973,85.6,1868.4,none
1974,80.8,5728.55,none
1975,74.95,825.7,none
1976,19.6,390.4,none
1977,93.55,93.55,none
1978,90.7,2845.15,none
1979,69.75,3894.4,none
1980,20.0,886.4,none
1981,95.25,1021.55,none
1982,102.1,5885.4,none
1983,19.95,268.4,none
1984,80.85,2204.35,none
1985,90.9,1259.0,none
1986,29.2,309.1,none
1987,93.3,6398.05,none
1988,89.15,2257.75,none
1989,108.85,6287.25,none
1990,46.35,1662.05,none
1991,84.75,1350.15,none
1992,78.75,3600.65,none
1993,83.55,1329.15,none
1994,45.7,45.7,none
1995,19.6,422.5,none
1996,69.95,69.95,none
1997,67.85,4627.65,none
1998,105.65,6717.9,none
1999,44.6,97.1,none
2000,74.95,1710.45,total_decimal_shift
2001,75.5,637.4,none
2002,20.15,117.95,none
2003,45.2,2460.55,none
2004,95.25,5464.65,none
2005,89.85,2165.05,none
2006,100.45,4941.8,none
2007,47.15,223.15,none
2008,80.2,181.1,none
2009,87.1,341.45,none
2010,79.25,5731.85,none
2011,75.9,357.75,none
2012,85.7,4616.1,none
2013,98.75,4533.7,none
2014,20.1,589.25,none
2015,61.8,750.1,none
2016,49.9,1410.25,none
2017,86.45,830.85,none
2018,20.4,743.5,none
2019,45.3,45.3,none
2020,104.1,7040.85,none
2021,75.4,3865.45,none
2022,108.15,6825.65,none
2023,86.25,1340.1,none
2024,81.0,371.65,none
2025,95.7,1184.0,none
2026,116.85,8477.7,none
2027,105.75,7382.85,none
2028,20.15,456.85,none
2029,19.6,331.6,none
2030,90.6,6056.15,none
2031,60.95,134.6,none
2032,25.05,125.5,none
2033,88.15,1390.6,none
2034,20.2,20.2,none
2035,60.3,2511.3,none
2036,63.95,2737.05,none
2037,74.3,74.3,none
2038,70.6,70.6,none
2039,90.8,2361.8,none
2040,79.35,1730.35,none
2041,90.55,6404.0,none
2042,19.45,165.35,none
2043,64.45,1867.6,none
2044,69.65,1043.3,none
2045,19.5,128.6,none
2046,110.5,7455.45,none
2047,24.7,24.7,none
2048,77.4,206.15,none
2049,96.8,2030.3,none
2050,85.4,5869.4,none
2051,47.6,3377.8,none
2052,19.4,1346.2,none
2053,103.85,4946.05,none
2054,83.35,4065.0,none
2055,49.4,106.55,none
2056,108.45,4964.7,none
2057,81.0,4085.75,none
2058,79.2,1742.75,none
2059,86.65,6224.8,none
2060,92.95,3415.25,none
2061,90.35,6325.25,none
2062,48.7,340.25,none
2063,25.15,1683.6,none
2064,76.4,3966.3,none
2065,19.55,608.5,none
2066,85.35,2896.6,none
2067,24.8,1514.85,none
2068,103.15,6792.45,none
2069,100.75,4669.2,none
2070,95.6,95.6,none
2071,59.75,2934.3,none
2072,94.1,6302.8,none
2073,19.35,779.2,none
2074,19.9,283.75,none
2075,108.15,4600.7,none
2076,101.05,5594.0,none
2077,59.1,772.85,none
2078,71.35,71.35,none
2079,55.85,857.8,none
2080,106.05,7554.05,none
2081,84.1,5981.65,none
2082,75.3,1702.9,none
2083,24.7,467.15,none
2084,20.15,20.15,none
2085,69.75,69.75,none
2086,93.2,2931.0,none
2087,80.85,1400.85,none
2088,33.65,137.85,none
2089,55.8,1941.5,none
2090,39.7,1932.75,none
2091,29.5,1423.05,none
2092,20.15,970.85,none
2093,79.55,5810.9,none
2094,24.8,223.9,none
2095,19.65,391.7,none
2096,79.95,79.95,none
2097,19.3,19.3,none
2098,94.05,811.65,none
2099,90.75,174.75,none
2100,78.85,3126.85,none
2101,99.5,6841.45,none
2102,99.2,3754.6,none
2103,80.55,1406.65,none
2104,70.2,834.7,none
2105,85.2,627.4,none
2106,75.25,242.0,none
2107,59.45,3157.0,none
2108,93.35,3092.0,none
2109,44.95,2168.9,none
2110,26.1,980.35,none
2111,20.2,65.95,none
2112,21.25,711.9,none
2113,59.4,1952.8,none
2114,95.0,4368.85,none
2115,61.9,2647.1,none
2116,118.65,8477.6,none
2117,54.35,54.35,none
2118,64.45,4528.0,none
2119,80.15,1790.65,total_decimal_shift
2120,20.2,845.6,overbilled_monthly
2121,21.0,1210.3,none
2122,20.45,20.45,none
2123,75.85,854.45,none
2124,80.45,2429.1,none
2125,24.95,100.4,none
2126,75.5,5229.45,none
2127,44.45,44.45,none
2128,42.35,1716.45,none
2129,74.55,3023.55,none
2130,75.3,75.3,none
2131,94.8,4837.6,none
2132,48.15,2032.3,none
2133,19.65,436.9,none
2134,70.55,70.55,none
2135,20.15,20.15,none
2136,106.6,5893.95,none
2137,91.0,1430.05,none
2138,25.4,313.0,none
2139,69.95,3871.85,none
2140,66.85,458.1,none
2141,86.15,2745.7,none
2142,20.15,341.35,none
2143,64.85,1336.8,none
2144,74.85,2181.75,none
2145,50.5,147.75,none
2146,72.9,818.45,none
2147,115.05,7133.45,none
2148,19.0,348.8,none
2149,19.55,128.6,none
2150,101.1,4674.4,none
2151,84.1,1737.45,none
2152,24.15,1498.85,none
2153,50.1,50.1,none
2154,74.6,1797.75,none
2155,19.75,498.1,none
2156,85.0,2624.25,none
2157,80.55,184.1,none
2158,106.8,5498.8,none
2159,84.5,4845.4,none
2160,25.05,369.1,none
2161,83.7,6096.9,none
2162,75.8,160.75,none
2163,96.6,2684.35,none
2164,98.5,3004.15,zero_monthly
2165,101.1,6994.8,none
2166,20.2,273.25,none
2167,94.05,5483.9,none
2168,95.25,1233.65,none
2169,74.4,527.9,none
2170,81.0,4985.9,none
2171,60.25,1258.35,none
2172,60.85,111.4,none
2173,43.95,43.95,none
2174,86.05,308.1,none
2175,20.25,383.65,none
2176,85.15,2555.9,none
2177,19.4,1284.2,none
2178,102.65,7550.3,none
2179,19.9,1110.05,none
2180,19.55,99.6,none
2181,95.5,6707.15,none
2182,84.15,4164.4,none
2183,103.2,5873.75,none
2184,50.2,109.25,none
2185,88.55,179.25,none
2186,54.75,1338.15,none
2187,19.95,862.4,none
2188,116.25,8564.75,none
2189,31.2,926.2,none
2190,24.45,1718.2,none
2191,84.2,5956.85,none
2192,91.3,91.3,none
2193,85.65,4824.45,none
2194,21.2,1238.65,none
2195,79.5,79.5,none
2196,25.55,672.2,none
2197,20.2,382.2,none
2198,63.85,4264.6,none
2199,61.95,1070.7,none
2200,25.75,1345.85,none
2201,58.2,1045.25,none
2202,85.85,3003.55,none
2203,70.1,467.55,none
2204,104.9,7537.5,none
2205,111.3,7482.1,none
2206,99.85,3343.15,none
2207,95.25,5427.05,none
2208,86.25,587.1,none
2209,100.8,100.8,none
2210,19.55,161.15,none
2211,104.0,7028.5,none
2212,104.4,5232.9,none
2213,19.5,225.85,none
2214,25.25,274.7,none
2215,86.3,1180.95,none
2216,49.85,3370.2,none
2217,108.95,7111.3,none
2218,89.9,5958.85,none
2219,82.0,5999.85,none
2220,89.95,1648.45,none
2221,79.35,5753.25,none
2222,64.05,4492.9,none
2223,101.15,3956.7,none
2224,89.95,2625.55,none
2225,76.45,1233.4,none
2226,39.1,1309.0,none
2227,34.6,813.45,none
2228,19.55,1108.8,none
2229,104.45,7349.35,none
2230,70.5,294.2,none
2231,20.35,929.2,none
2232,70.0,740.0,none
2233,19.45,754.5,none
2234,69.9,3883.3,none
2235,59.7,1414.2,none
2236,78.35,3211.2,none
2237,71.45,371.6,none
2238,45.85,1246.4,none
2239,95.85,95.85,none
2240,35.7,2545.7,none
2241,89.55,6448.85,none
2242,24.95,1468.9,none
2243,24.85,1013.6,none
2244,100.8,6690.75,none
2245,64.4,2088.75,none
2246,105.35,7240.65,none
2247,102.45,102.45,none
2248,19.65,830.25,none
2249,54.45,1588.7,zero_monthly
2250,70.5,829.3,overbilled_monthly
2251,20.1,302.45,none
2252,69.35,712.25,none
2253,19.8,1336.65,none
2254,74.4,5360.75,none
2255,93.05,6735.05,none
2256,51.2,51.2,none
2257,65.6,1010.0,none
2258,80.55,4847.05,none
2259,52.7,3019.7,none
2260,20.85,161.65,none
2261,80.1,217.55,none
2262,52.15,2583.75,none
2263,80.2,146.05,none
2264,98.15,567.45,none
2265,114.95,7711.25,none
2266,112.95,1384.75,none
2267,104.45,5481.25,none
2268,113.65,8124.2,none
2269,20.6,827.3,none
2270,70.9,70.9,none
2271,86.85,220.95,none
2272,91.55,3673.6,none
2273,49.85,49.85,none
2274,19.8,576.65,none
2275,99.85,2331.3,none
2276,74.5,74.5,none
2277,104.15,4495.65,none
2278,109.15,6941.2,none
2279,48.2,340.35,none
2280,25.1,1789.9,none
2281,100.15,908.55,none
2282,65.2,1043.35,none
2283,99.5,6822.15,total_missing
2284,71.55,71.55,none
2285,55.9,157.55,none
2286,93.9,5029.2,none
2287,64.4,581.7,none
2288,108.4,7318.2,none
2289,85.3,420.45,none
2290,107.45,7576.7,none
2291,48.75,633.4,none
2292,85.65,321.65,none
2293,91.3,4965.0,none
2294,85.95,6151.9,none
2295,106.7,1253.9,none
2296,25.15,25.15,none
2297,45.2,45.2,none
2298,110.35,5893.15,none
2299,79.2,5420.65,none
2300,55.5,2627.35,none
2301,103.25,5037.55,none
2302,90.25,743.75,none
2303,91.25,6589.6,none
2304,47.8,92.45,none
2305,100.9,6733.15,none
2306,97.7,3410.0,none
2307,69.85,199.85,none
2308,65.6,593.3,none
2309,104.65,7288.4,none
2310,90.45,5229.8,none
2311,63.7,4464.8,none
2312,104.5,5068.05,none
2313,20.1,401.85,none
2314,104.3,4451.85,none
2315,93.25,6688.95,none
2316,73.45,2661.1,none
2317,20.7,73.05,none
2318,25.25,1211.65,none
2319,100.5,7030.65,none
2320,90.6,1020.2,none
2321,89.4,5597.65,none
2322,95.45,6223.3,none
2323,20.45,1024.65,none
2324,98.6,2933.2,none
2325,83.05,1258.3,none
2326,19.95,82.9,none
2327,109.15,7789.6,none
2328,85.7,2067.0,none
2329,102.05,3452.55,none
2330,94.7,5468.95,none
2331,64.4,1802.15,none
2332,26.8,733.55,none
2333,66.05,3021.45,none
2334,65.2,3687.85,none
2335,85.05,1391.15,none
2336,55.8,274.35,none
2337,70.4,1214.05,none
2338,104.75,5510.65,none
2339,19.95,1322.85,none
2340,94.25,1973.75,none
2341,45.0,2196.3,none
2342,114.9,7843.55,overbilled_monthly
2343,106.4,3211.9,none
2344,46.1,130.15,none
2345,39.7,692.35,none
2346,20.05,85.5,none
2347,95.75,6849.4,none
2348,24.4,203.95,none
2349,33.6,2117.2,none
2350,90.45,6565.85,none
2351,84.0,424.75,none
2352,67.4,3306.85,none
2353,19.7,168.9,none
2354,80.35,253.8,none
2355,19.6,197.4,none
2356,54.2,3838.2,none
2357,45.2,2065.15,none
2358,75.1,5064.45,none
2359,19.7,1140.05,none
2360,72.75,2447.45,none
2361,20.05,1263.9,none
2362,45.95,45.95,none
2363,39.2,1838.15,none
2364,44.75,44.75,none
2365,82.65,1185.0,none
2366,93.9,1743.9,none
2367,70.15,70.15,none
2368,85.55,85.55,none
2369,117.15,8529.5,none
2370,99.25,6549.45,none
2371,112.55,7806.5,none
2372,25.7,25.7,none
2373,90.3,6287.3,none
2374,49.4,3251.85,none
2375,19.4,50.6,none
2376,109.7,7904.25,none
2377,61.25,729.95,none
2378,55.3,2654.05,none
2379,70.3,2416.55,none
2380,106.35,3520.75,none
2381,103.75,5969.95,none
2382,19.5,226.8,none
2383,39.5,1082.75,none
2384,26.05,565.75,none
2385,91.05,4370.75,total_missing
2386,29.65,90.05,none
2387,50.2,2169.4,none
2388,105.3,550.6,none
2389,55.45,55.45,none
2390,85.45,6300.85,none
2391,19.8,160.05,none
2392,59.25,436.6,none
2393,90.7,1781.35,none
2394,103.7,3467.0,none
2395,79.05,5552.5,none
2396,90.7,2835.5,none
2397,95.0,3591.25,none
2398,88.35,88.35,none
2399,30.25,63.75,none
2400,49.85,617.15,none
2401,93.0,870.25,none
2402,54.55,601.25,none
2403,19.7,111.65,none
2404,84.8,6046.1,none
2405,94.45,3923.8,none
2406,94.2,777.3,none
2407,96.25,512.45,none
2408,70.7,141.45,none
2409,20.85,892.15,none
2410,60.0,1682.05,total_decimal_shift
2411,80.45,3398.9,none
2412,84.95,4984.85,none
2413,33.55,1445.3,none
2414,49.65,305.55,none
2415,20.2,507.9,none
2416,94.55,3640.45,none
2417,100.5,2673.45,none
2418,35.75,389.8,none
2419,86.45,2401.05,none
2420,53.8,651.55,none
2421,38.55,156.1,none
2422,39.9,2796.35,none
2423,70.05,70.05,none
2424,20.1,407.05,overbilled_monthly
2425,112.95,6465.0,none
2426,20.3,511.25,none
2427,35.65,646.05,none
2428,35.9,35.9,none
2429,99.25,3777.15,none
2430,82.95,4903.15,none
2431,55.65,1653.85,none
2432,24.45,47.5,none
2433,25.2,1306.3,none
2434,50.8,463.6,none
2435,19.65,60.65,none
2436,59.8,824.85,none
2437,73.55,2094.65,none
2438,61.4,438.9,none
2439,103.35,847.3,overbilled_monthly
2440,19.9,329.75,none
2441,19.45,674.55,none
2442,81.5,162.55,none
2443,84.8,546.95,none
2444,109.55,7887.25,none
2445,99.95,3186.65,none
2446,74.4,1972.35,none
2447,90.0,1527.35,none
2448,74.9,490.55,none
2449,104.85,1531.4,none
2450,59.65,683.25,none
2451,110.45,8058.85,none
2452,106.1,2847.4,none
2453,74.2,1133.9,none
2454,74.45,294.45,none
2455,24.55,1719.15,none
2456,89.35,461.7,none
2457,24.55,1160.45,none
2458,90.65,5199.8,none
2459,105.05,5163.3,none
2460,20.45,162.3,none
2461,19.55,883.35,none
2462,19.7,1341.5,none
2463,70.45,70.45,none
2464,85.65,659.45,none
2465,77.15,77.15,none
2466,35.25,35.25,none
2467,20.55,1205.05,none
2468,97.95,4917.9,none
2469,48.55,201.0,none
2470,20.0,599.3,none
2471,25.25,1733.15,none
2472,98.4,5149.5,none
2473,70.9,4677.1,none
2474,19.85,119.3,none
2475,106.35,4849.1,none
2476,99.5,5424.25,none
2477,84.7,5878.9,none
2478,86.05,244.85,none
2479,44.55,220.75,none
2480,75.85,4261.2,none
2481,93.85,5574.75,none
2482,25.0,1501.75,none
2483,45.0,89.75,none
2484,100.7,4541.2,none
2485,20.5,255.5,none
2486,80.45,1072.0,none
2487,90.45,2509.25,none
2488,60.45,1440.75,none
2489,55.25,1715.65,none
2490,78.45,5333.35,none
2491,100.55,3895.35,none
2492,20.35,869.9,none
2493,54.45,706.85,none
2494,90.75,512.25,none
2495,75.35,2636.05,none
2496,20.25,814.75,none
2497,20.05,388.6,none
2498,19.6,93.45,none
2499,53.8,1389.85,none
2500,70.2,2894.55,none
2501,75.5,4025.6,none
2502,20.35,1354.4,none
2503,26.05,1856.4,none
2504,20.6,926.0,none
2505,75.7,189.2,none
2506,20.1,682.1,none
2507,24.3,1778.7,zero_monthly
2508,24.5,1816.2,none
2509,110.5,7069.25,none
2510,25.25,1841.2,none
2511,74.25,74.25,none
2512,90.1,2656.7,none
2513,68.75,1689.45,none
2514,19.2,1054.75,none
2515,89.7,2187.55,none
2516,115.1,7334.05,none
2517,96.4,1581.2,none
2518,69.5,69.5,none
2519,99.65,2404.85,none
2520,91.45,171.45,none
2521,84.75,2839.45,none
2522,85.25,3132.75,none
2523,78.75,3942.45,none
2524,20.25,873.4,none
2525,19.9,1529.65,none
2526,97.75,6991.6,none
2527,19.4,19.4,none
2528,83.3,803.3,none
2529,80.1,679.3,total_decimal_shift
2530,62.7,2791.5,none
2531,100.4,715.0,none
2532,24.45,1681.6,none
2533,101.1,4016.2,none
2534,50.9,3281.65,none
2535,107.2,7317.1,none
2536,92.2,6474.45,none
2537,25.3,676.35,none
2538,113.4,8164.1,none
2539,40.55,1325.85,none
2540,26.0,1654.85,none
2541,111.95,7795.95,none
2542,53.8,3952.45,none
2543,72.1,2495.15,total_decimal_shift
2544,98.15,1230.25,total_decimal_shift
2545,78.85,876.75,none
2546,70.75,4263.45,none
2547,76.15,1992.95,none
2548,39.1,1982.1,none
2549,69.95,562.7,none
2550,20.05,33.7,none
2551,20.05,1090.1,none
2552,19.45,227.45,none
2553,26.9,1250.85,none
2554,19.2,37.2,none
2555,50.0,892.7,none
2556,60.0,487.75,none
2557,84.55,3713.95,none
2558,45.45,141.7,overbilled_monthly
2559,20.05,678.2,none
2560,115.55,8425.3,none
2561,93.7,4154.8,none
2562,99.0,7061.65,none
2563,50.55,3364.55,none
2564,105.95,2655.25,none
2565,82.0,1425.45,none
2566,25.0,332.5,none
2567,91.55,5963.95,none
2568,95.75,5742.9,none
2569,19.35,278.85,none
2570,24.85,1871.85,none
2571,94.05,2866.45,none
2572,100.4,4303.65,none
2573,25.0,1753.0,none
2574,54.75,54.75,none
2575,95.65,3759.05,none
2576,19.25,617.65,none
2577,108.25,5935.1,total_decimal_shift
2578,94.6,94.6,none
2579,98.9,2911.3,none
2580,20.15,982.95,none
2581,101.3,2974.5,none
2582,20.0,198.7,none
2583,105.3,1275.65,none
2584,69.85,4003.0,none
2585,65.25,3791.6,none
2586,19.8,813.3,none
2587,19.6,780.25,none
2588,20.05,552.9,none
2589,49.4,408.25,none
2590,76.05,231.8,none
2591,88.4,2191.15,none
2592,100.6,5611.7,none
2593,19.45,246.25,none
2594,20.3,1296.15,none
2595,107.65,7082.85,none
2596,80.45,5662.25,none
2597,58.85,1215.45,none
2598,109.6,7854.15,none
2599,75.15,525.0,none
2600,73.0,5265.2,none
2601,70.1,70.1,none
2602,98.65,7129.45,none
2603,111.45,7266.95,none
2604,114.9,8496.7,none
2605,100.55,2878.75,none
2606,20.4,261.3,none
2607,104.35,3205.6,none
2608,69.75,69.75,none
2609,34.5,279.25,none
2610,105.55,6281.45,none
2611,30.1,1131.3,none
2612,70.3,738.2,none
2613,80.45,1137.05,none
2614,80.2,80.2,none
2615,94.35,6341.45,none
2616,91.35,6697.2,none
2617,44.6,260.8,none
2618,19.6,19.6,none
2619,19.9,505.45,none
2620,110.45,3655.45,none
2621,68.35,1299.8,none
2622,79.1,5564.85,none
2623,51.0,1381.8,none
2624,80.55,188.1,none
2625,66.7,1077.05,none
2626,86.4,4922.4,none
2627,50.05,2911.5,none
2628,25.7,826.1,none
2629,83.4,83.4,none
2630,70.7,140.7,none
2631,84.65,5377.8,none
2632,99.25,665.45,none
2633,64.75,3617.1,none
2634,100.15,6643.5,none
2635,84.8,84.8,none
2636,25.25,1559.3,none
2637,113.0,7987.6,none
2638,40.65,1547.35,none
2639,105.0,5426.85,none
2640,54.45,1127.35,none
2641,94.95,2142.8,none
2642,59.9,287.85,none
2643,85.3,4045.65,none
2644,83.35,2757.85,none
2645,33.5,600.0,none
2646,19.8,19.8,none
2647,81.8,4534.45,none
2648,20.0,40.9,none
2649,59.6,2094.9,none
2650,25.0,1584.8,none
2651,84.35,1302.65,none
2652,90.35,2238.5,none
2653,55.55,55.55,none
2654,75.35,5437.75,none
2655,90.75,90.75,none
2656,89.6,365.65,none
2657,59.3,2209.15,none
2658,66.1,1912.15,none
2659,18.8,255.55,none
2660,86.45,5175.3,none
2661,52.1,670.65,none
2662,47.4,3177.25,none
2663,49.25,90.35,none
2664,109.15,6557.75,none
2665,94.95,5791.85,none
2666,93.55,3055.5,none
2667,79.5,5196.1,none
2668,115.05,8405.0,none
2669,19.75,19.75,none
2670,95.15,1789.25,none
2671,95.15,5000.05,none
2672,105.4,6713.2,none
2673,20.1,562.6,none
2674,101.35,2317.1,none
2675,20.05,91.45,none
2676,20.7,828.85,overbilled_monthly
2677,20.35,617.35,none
2678,70.05,266.9,none
2679,19.7,625.05,none
2680,74.65,301.4,none
2681,85.45,6029.9,none
2682,40.4,1842.7,none
2683,50.4,206.6,none
2684,79.65,604.7,none
2685,105.2,7386.05,none
2686,100.65,7334.05,none
2687,79.85,1471.75,none
2688,91.0,2626.15,none
2689,78.75,412.1,none
2690,116.75,8277.05,none
2691,80.45,583.45,none
2692,59.1,369.25,none
2693,49.8,1049.05,none
2694,19.3,1414.8,none
2695,19.65,169.75,none
2696,81.4,4354.45,none
2697,38.9,2719.2,none
2698,87.95,6365.35,none
2699,19.85,51.6,none
2700,96.35,3190.25,none
2701,24.15,812.5,none
2702,19.1,1143.8,none
2703,44.0,44.0,none
2704,50.1,50.1,none
2705,60.6,3297.0,none
2706,25.65,1887.0,none
2707,76.4,151.8,none
2708,98.7,293.65,none
2709,100.8,1308.1,none
2710,53.95,2215.4,none
2711,20.4,482.8,none
2712,90.1,2598.95,none
2713,29.35,216.45,none
2714,20.45,20.45,none
2715,95.1,5064.85,none
2716,25.25,996.45,none
2717,44.9,839.65,none
2718,92.65,6733.0,none
2719,43.7,2618.3,none
2720,72.6,4084.35,none
2721,51.55,765.5,none
2722,79.25,793.55,none
2723,18.95,613.95,none
2724,20.5,402.85,none
2725,19.95,1244.8,none
2726,24.5,46.4,none
2727,20.6,581.85,none
2728,94.85,462.8,none
2729,61.05,1540.2,none
2730,85.7,169.8,none
2731,106.65,5168.1,none
2732,108.25,6780.1,none
2733,20.4,94.5,none
2734,55.3,55.3,none
2735,20.25,208.0,none
2736,72.95,3829.75,none
2737,89.45,5294.6,none
2738,104.65,6889.8,none
2739,75.2,3254.35,none
2740,101.15,6383.9,none
2741,44.4,44.4,none
2742,89.5,477.7,none
2743,68.75,4447.55,none
2744,111.05,7321.05,none
2745,99.0,4135.0,none
2746,86.05,86.05,none
2747,21.0,697.7,none
2748,19.4,168.65,none
2749,44.55,174.3,none
2750,77.2,2753.8,none
2751,19.45,69.25,none
2752,24.85,434.8,none
2753,35.4,1077.5,none
2754,95.65,95.65,none
2755,41.35,107.25,none
2756,19.6,851.2,none
2757,20.95,20.95,none
2758,84.45,5848.6,none
2759,20.25,109.8,none
2760,19.65,19.65,none
2761,20.65,595.5,total_missing
2762,34.7,329.8,none
2763,99.3,2513.5,none
2764,81.05,5135.35,none
2765,67.6,2000.2,none
2766,70.15,931.75,none
2767,115.0,7396.15,none
2768,84.8,3958.85,none
2769,19.7,260.9,none
2770,19.75,297.3,none
2771,92.55,1515.1,none
2772,63.15,816.8,none
2773,74.0,4868.4,none
2774,29.1,688.0,none
2775,50.05,288.35,none
2776,60.05,3229.65,none
2777,74.3,1178.25,none
2778,20.0,185.4,none
2779,74.65,966.25,none
2780,85.35,758.6,none
2781,74.3,1863.8,none
2782,44.4,265.8,none
2783,85.4,3297.0,none
2784,94.1,4107.3,none
2785,98.1,396.3,none
2786,108.9,2809.05,none
2787,56.2,1567.55,none
2788,26.1,1851.45,none
2789,85.45,6028.95,none
2790,88.95,2072.75,none
2791,109.65,5551.15,none
2792,74.35,4317.35,none
2793,48.85,736.8,none
2794,80.1,336.15,none
2795,56.05,1522.65,none
2796,74.55,622.9,none
2797,89.8,4959.6,none
2798,100.95,329.95,none
2799,94.9,1048.85,none
2800,19.1,1001.5,none
2801,20.35,442.6,none
2802,106.05,6703.5,none
2803,104.9,3351.55,none
2804,19.65,779.25,none
2805,24.1,259.8,none
2806,59.85,3483.45,none
2807,86.1,4890.5,none
2808,19.45,136.75,none
2809,97.1,184.15,none
2810,36.65,1315.0,none
2811,103.9,6767.1,none
2812,19.75,757.95,none
2813,104.05,6890.0,none
2814,24.55,1657.4,none
2815,48.7,3008.55,none
2816,88.35,262.05,none
2817,109.55,8165.1,none
2818,20.65,875.55,none
2819,94.65,2649.15,none
2820,55.2,220.65,none
2821,24.05,1301.9,none
2822,74.4,74.4,none
2823,79.9,3326.2,none
2824,20.45,790.0,none
2825,19.25,1237.65,none
2826,26.35,378.6,none
2827,43.8,592.65,none
2828,50.15,50.15,none
2829,20.45,20.45,none
2830,69.7,560.85,none
2831,61.4,3638.25,none
2832,98.1,1060.2,none
2833,70.75,2921.75,none
2834,61.15,4017.45,none
2835,20.25,854.9,total_missing
2836,63.85,4174.35,none
2837,98.7,4920.55,none
2838,20.5,20.5,none
2839,20.0,810.3,none
2840,19.3,772.4,none
2841,84.4,1936.85,none
2842,25.1,79.8,none
2843,48.25,202.25,none
2844,19.85,1070.5,none
2845,99.6,347.65,none
2846,94.2,999.9,none
2847,62.15,113.1,none
2848,79.3,2015.8,none
2849,56.25,1454.25,none
2850,20.3,246.7,none
2851,99.0,6017.9,none
2852,90.6,5817.45,none
2853,85.9,5595.3,none
2854,79.2,4765.0,none
2855,70.35,1201.65,none
2856,19.35,867.3,none
2857,50.15,50.15,none
2858,63.8,3007.25,none
2859,20.55,252.75,none
2860,88.55,6306.5,none
2861,101.4,6841.05,none
2862,81.95,81.95,none
2863,69.35,451.1,total_missing
2864,44.6,44.6,none
2865,63.75,226.2,none
2866,109.25,7082.5,none
2867,84.6,1017.35,none
2868,20.45,527.35,none
2869,85.75,2146.5,none
2870,91.1,455.3,none
2871,107.95,5969.85,none
2872,86.1,1235.55,none
2873,22.95,1014.25,none
2874,94.7,2362.1,none
2875,19.45,1225.65,none
2876,85.1,1873.7,none
2877,19.7,386.5,none
2878,99.15,6010.05,none
2879,87.0,1850.65,none
2880,102.95,7101.5,none
2881,79.95,1043.4,none
2882,64.0,1910.75,none
2883,64.9,716.1,none
2884,25.75,1686.15,none
2885,90.15,6716.45,none
2886,116.1,7839.85,none
2887,104.95,6236.75,none
2888,45.05,45.05,none
2889,71.0,71.0,none
2890,50.0,2919.85,none
2891,70.55,3309.25,none
2892,79.7,79.7,none
2893,20.45,20.45,none
2894,59.0,1254.7,none
2895,60.35,2896.4,none
2896,19.85,717.5,none
2897,19.95,253.8,none
2898,26.45,1110.05,none
2899,63.4,348.8,none
2900,53.95,3888.65,none
2901,69.25,69.25,none
2902,95.1,6843.15,none
2903,74.1,450.9,none
2904,35.5,432.25,none
2905,70.95,1767.35,none
2906,79.2,1742.45,none
2907,48.8,297.35,none
2908,89.0,1820.45,none
2909,99.4,1742.95,none
2910,55.45,2444.25,none
2911,25.4,949.8,none
2912,73.5,73.5,none
2913,93.5,2970.8,none
2914,63.9,3334.95,none
2915,64.85,2010.95,none
2916,63.8,4684.3,none
2917,44.45,2181.55,none
2918,19.95,1303.25,none
2919,43.35,371.4,none
2920,49.65,2409.9,none
2921,85.1,6155.4,none
2922,95.5,829.1,none
2923,92.35,2602.9,none
2924,89.8,4667.0,none
2925,74.55,824.75,zero_monthly
2926,103.05,5153.5,none
2927,116.0,8182.85,none
2928,69.9,69.9,none
2929,95.1,6683.4,none
2930,40.25,1564.05,none
2931,25.75,755.6,none
2932,105.35,3465.05,none
2933,113.6,6292.7,none
2934,24.0,1664.3,none
2935,19.4,198.1,none
2936,86.1,6045.9,none
2937,102.65,4108.15,none
2938,92.85,5980.75,none
2939,97.75,5043.2,none
2940,83.8,1029.75,none
2941,54.45,2854.55,none
2942,97.95,7114.25,none
2943,19.95,907.05,none
2944,24.6,973.95,none
2945,50.95,605.75,none
2946,75.6,661.55,none
2947,80.75,4116.9,none
2948,90.4,4494.65,none
2949,99.8,4259.3,none
2950,60.25,3282.75,none
2951,20.2,55.7,none
2952,64.15,1274.45,none
2953,20.25,493.95,none
2954,105.85,2239.65,none
2955,75.45,480.75,none
2956,93.85,635.6,none
2957,99.0,5038.15,none
2958,80.3,324.2,none
2959,19.55,19.55,none
2960,100.75,2793.55,none
2961,100.75,2095.0,zero_monthly
2962,53.75,648.65,none
2963,31.0,95.05,none
2964,25.6,917.15,none
2965,58.35,1346.9,none
2966,80.0,4242.35,none
2967,46.35,672.7,none
2968,113.75,6561.25,none
2969,90.4,268.45,none
2970,109.3,7337.55,none
2971,70.25,331.9,none
2972,90.3,5194.05,none
2973,65.25,4478.85,none
2974,100.15,6283.3,none
2975,94.5,2659.4,none
2976,60.65,196.9,none
2977,24.1,439.2,none
2978,19.5,19.5,none
2979,85.95,2107.15,none
2980,53.5,3035.8,none
2981,25.45,1866.45,none
2982,20.5,1430.95,none
2983,20.85,1071.6,none
2984,89.9,6457.15,none
2985,26.0,684.05,none
2986,113.2,3914.05,none
2987,69.05,3842.6,none
2988,20.1,670.35,none
2989,109.65,7880.25,none
2990,19.2,19.2,none
2991,33.9,298.45,none
2992,90.0,3371.75,none
2993,34.0,442.45,none
2994,20.4,20.4,none
2995,38.6,2345.55,none
2996,25.25,25.25,none
2997,60.6,1156.35,none
2998,89.95,6143.15,none
2999,74.75,144.8,none
3000,20.6,414.95,none
3001,84.45,1059.55,none
3002,20.4,181.8,none
3003,81.7,2212.55,none
3004,79.5,2180.55,none
3005,89.15,89.15,none
3006,20.3,459.95,none
3007,74.95,1036.75,none
3008,74.4,2276.95,none
3009,20.0,211.95,none
3010,25.0,25.0,none
3011,80.45,3162.65,none
3012,19.75,210.65,none
3013,65.65,3566.7,none
3014,71.0,2080.1,total_decimal_shift
3015,89.2,4040.2,none
3016,86.75,5186.0,none
3017,55.3,196.15,none
3018,61.5,1087.45,none
3019,25.1,1672.15,none
3020,55.15,1206.05,none
3021,34.05,1113.95,none
3022,19.95,107.05,none
3023,19.95,38.15,zero_monthly
3024,89.7,6339.3,none
3025,20.4,184.1,none
3026,26.3,1688.9,none
3027,84.95,1378.25,none
3028,20.7,137.6,none
3029,43.25,219.0,none
3030,48.35,1067.15,none
3031,79.55,79.55,none
3032,71.05,3444.85,none
3033,19.45,369.05,none
3034,110.8,7553.6,none
3035,84.5,84.5,overbilled_monthly
3036,69.3,1813.1,none
3037,49.35,3321.35,none
3038,20.35,707.5,none
3039,105.6,7112.15,none
3040,64.45,4641.1,none
3041,108.6,7690.9,none
3042,49.9,49.9,none
3043,30.3,1380.1,zero_monthly
3044,30.4,78.65,none
3045,45.4,45.4,zero_monthly
3046,65.65,3094.65,none
3047,103.3,6518.35,none
3048,84.15,2585.95,none
3049,44.45,82.7,none
3050,19.75,58.85,none
3051,85.4,425.9,none
3052,89.9,6342.7,none
3053,55.05,2030.75,none
3054,104.1,6700.05,none
3055,106.6,7244.7,none
3056,75.2,3678.3,none
3057,70.5,3486.65,zero_monthly
3058,19.6,411.15,none
3059,55.85,937.5,none
3060,24.05,1559.15,none
3061,38.1,970.4,none
3062,106.4,2483.5,none
3063,34.25,828.2,none
3064,100.05,3810.55,none
3065,68.65,1493.2,none
3066,45.8,45.8,overbilled_monthly
3067,75.75,777.3,none
3068,84.4,556.35,none
3069,96.4,4911.05,none
3070,20.55,187.35,none
3071,50.95,307.6,none
3072,90.5,4318.35,none
3073,79.4,4820.55,none
3074,58.75,3038.55,none
3075,59.45,2136.9,none
3076,105.7,7472.15,none
3077,56.25,389.1,none
3078,53.3,2296.25,none
3079,85.55,187.45,none
3080,68.65,261.25,none
3081,24.3,38.45,none
3082,77.85,299.2,none
3083,59.9,3043.6,none
3084,23.95,1506.4,none
3085,20.15,163.7,none
3086,105.35,323.25,none
3087,95.65,1640.0,none
3088,87.05,762.1,none
3089,81.0,3846.35,none
3090,82.45,5646.6,none
3091,53.5,53.5,none
3092,20.5,79.05,none
3093,25.1,25.1,none
3094,54.4,1516.6,none
3095,58.6,2224.5,none
3096,84.8,888.75,none
3097,61.4,4310.35,none
3098,20.4,42.9,none
3099,79.65,2365.15,none
3100,20.15,353.65,none
3101,94.45,5073.1,none
3102,79.8,4526.85,none
3103,54.2,308.25,none
3104,19.45,19.45,none
3105,74.05,678.45,none
3106,49.15,1237.3,none
3107,19.4,1023.95,none
3108,113.65,8182.75,none
3109,106.0,4532.3,none
3110,25.95,1444.05,none
3111,19.1,19.1,none
3112,103.4,7372.65,none
3113,100.55,7325.1,none
3114,95.4,3474.2,none
3115,75.15,392.65,none
3116,84.45,1058.6,none
3117,89.15,3990.75,none
3118,107.9,7475.85,none
3119,19.5,835.5,none
3120,85.95,2628.6,none
3121,24.95,1718.35,none
3122,59.4,1023.9,none
3123,19.5,1193.55,none
3124,69.95,1205.5,none
3125,82.85,5776.45,none
3126,19.0,78.9,none
3127,38.85,1025.15,none
3128,30.6,856.35,none
3129,20.35,122.0,none
3130,95.0,6602.9,none
3131,74.4,1712.9,none
3132,78.45,5682.25,total_decimal_shift
3133,74.3,74.3,none
3134,51.05,3635.15,none
3135,19.2,702.9,none
3136,99.55,3734.25,none
3137,70.0,1144.5,none
3138,109.1,4454.25,none
3139,45.3,45.3,none
3140,29.85,75.6,none
3141,76.45,1117.55,none
3142,95.1,180.25,none
3143,19.8,19.8,none
3144,72.8,930.05,none
3145,18.95,110.15,none
3146,76.65,333.6,none
3147,99.15,465.05,none
3148,101.75,1669.4,none
3149,75.45,3545.1,none
3150,64.1,504.05,none
3151,25.65,440.2,none
3152,75.1,1151.55,none
3153,95.85,2475.35,none
3154,54.4,1249.25,none
3155,72.75,317.75,none
3156,19.85,535.05,none
3157,19.05,461.3,none
3158,44.95,431.0,none
3159,49.55,878.35,none
3160,94.85,335.75,none
3161,46.25,3121.4,none
3162,19.35,324.8,none
3163,69.6,1394.55,none
3164,90.7,3413.25,none
3165,101.4,3143.65,none
3166,20.25,439.75,none
3167,48.8,664.4,none
3168,74.35,4759.55,none
3169,19.35,1033.0,none
3170,68.75,3482.85,none
3171,100.2,2688.45,none
3172,20.85,435.25,none
3173,95.9,2448.75,none
3174,19.35,307.0,none
3175,45.0,2689.35,none
3176,81.5,1329.2,none
3177,25.5,1281.25,none
3178,48.9,3527.0,none
3179,84.1,4348.65,none
3180,19.6,561.15,none
3181,20.0,63.6,none
3182,81.3,5129.3,none
3183,95.2,4285.8,none
3184,36.45,93.7,none
3185,83.3,5894.5,none
3186,25.05,25.05,none
3187,20.3,1160.75,none
3188,89.85,3091.75,total_decimal_shift
3189,49.85,365.55,none
3190,19.8,272.95,none
3191,54.65,3632.0,none
3192,29.35,381.2,none
3193,19.15,1035.5,none
3194,19.1,52.0,none
3195,55.55,2342.2,none
3196,80.55,653.9,none
3197,20.25,71.2,none
3198,69.5,1498.2,none
3199,106.0,4178.65,none
3200,25.5,1821.8,none
3201,104.3,5278.15,none
3202,79.6,4024.2,none
3203,55.25,55.25,none
3204,88.05,6520.8,none
3205,20.4,854.9,none
3206,117.6,8308.9,none
3207,20.0,109.2,none
3208,19.65,92.05,none
3209,70.55,3420.5,none
3210,93.85,93.85,none
3211,65.8,4068.0,none
3212,20.05,337.9,none
3213,80.0,3168.75,none
3214,35.4,1412.4,total_decimal_shift
3215,79.6,3974.7,none
3216,80.25,3439.0,none
3217,50.45,50.45,none
3218,20.45,42.45,none
3219,79.6,5461.45,zero_monthly
3220,24.7,571.75,none
3221,77.3,5498.2,none
3222,29.75,96.85,none
3223,44.9,111.05,none
3224,29.8,94.4,none
3225,74.65,521.1,none
3226,71.95,923.85,none
3227,20.75,141.1,none
3228,56.3,628.65,none
3229,105.25,5576.3,none
3230,94.2,1046.1,none
3231,19.55,1245.6,none
3232,84.45,1287.85,none
3233,53.65,1939.35,none
3234,29.9,118.25,none
3235,19.7,452.55,none
3236,43.7,2696.55,none
3237,55.3,875.35,overbilled_monthly
3238,19.85,1267.05,none
3239,19.65,494.9,none
3240,49.45,799.0,none
3241,106.55,5763.3,total_decimal_shift
3242,20.1,20.1,none
3243,20.45,106.9,none
3244,39.7,710.05,none
3245,54.5,568.2,none
3246,83.8,1900.25,none
3247,55.15,159.15,none
3248,111.6,8012.75,none
3249,86.65,856.65,none
3250,55.55,551.3,none
3251,20.55,184.95,none
3252,106.75,4056.75,none
3253,62.1,1096.65,none
3254,104.5,3684.95,none
3255,101.8,1752.45,none
3256,110.6,7210.85,none
3257,84.9,5264.5,none
3258,93.2,2157.3,none
3259,24.4,24.4,none
3260,70.55,433.95,none
3261,78.45,2435.15,none
3262,85.0,5607.75,none
3263,87.45,2874.15,none
3264,85.8,4433.3,none
3265,91.1,964.35,none
3266,70.75,1974.8,none
3267,20.1,1460.85,none
3268,20.05,951.55,none
3269,74.8,1821.2,none
3270,24.8,1600.95,none
3271,100.85,399.25,none
3272,101.35,1218.55,none
3273,81.7,81.7,zero_monthly
3274,68.25,2171.15,none
3275,105.1,3634.8,none
3276,20.4,292.4,none
3277,79.15,317.25,none
3278,20.0,218.55,none
3279,79.4,5071.9,none
3280,57.2,1423.35,none
3281,58.6,3068.6,none
3282,94.8,4690.65,none
3283,102.5,6157.6,none
3284,20.35,1442.65,none
3285,84.9,3369.05,none
3286,69.2,4671.65,zero_monthly
3287,95.45,3474.05,none
3288,100.95,1875.55,none
3289,20.85,272.35,none
3290,88.5,3645.05,none
3291,35.0,135.75,none
3292,55.15,1319.85,none
3293,50.95,229.4,none
3294,64.0,370.25,none
3295,69.1,69.1,none
3296,80.2,5714.2,none
3297,49.3,1233.25,none
3298,84.35,3571.6,none
3299,20.05,83.3,none
3300,117.2,8035.95,none
3301,20.1,579.4,none
3302,69.6,69.6,none
3303,103.45,3066.45,none
3304,77.95,305.55,none
3305,109.95,7634.25,none
3306,94.75,3653.0,none
3307,80.0,241.3,none
3308,79.65,3870.3,none
3309,25.2,387.9,none
3310,19.9,527.5,none
3311,78.45,78.45,none
3312,44.8,2104.55,none
3313,20.3,20.3,none
3314,19.2,19.2,none
3315,80.05,3019.1,none
3316,107.35,7051.95,none
3317,47.85,1190.5,none
3318,70.8,4448.8,none
3319,29.5,255.25,none
3320,70.75,146.9,none
3321,59.1,1011.05,none
3322,25.55,1714.95,none
3323,84.45,762.5,none
3324,20.25,535.35,none
3325,75.55,75.55,none
3326,85.65,338.9,none
3327,70.15,2497.35,none
3328,95.3,6273.4,none
3329,70.25,70.25,none
3330,50.3,908.75,none
3331,97.8,4913.3,none
3332,19.85,0.0,none
3333,46.3,46.3,none
3334,19.35,212.3,none
3335,106.3,4443.45,none
3336,25.0,316.2,none
3337,20.3,1079.05,none
3338,75.35,564.65,none
3339,89.4,1095.65,none
3340,88.0,6161.9,none
3341,83.15,446.05,none
3342,43.8,2106.05,none
3343,62.05,2511.55,none
3344,20.1,318.6,none
3345,74.15,811.8,none
3346,101.35,7323.15,none
3347,84.05,186.05,none
3348,20.9,454.0,none
3349,105.9,7521.95,none
3350,99.5,1056.95,none
3351,44.15,44.15,none
3352,53.9,834.15,none
3353,85.45,85.45,none
3354,85.05,999.8,none
3355,44.1,2369.7,none
3356,90.2,6297.65,none
3357,50.85,239.55,none
3358,59.2,59.2,none
3359,53.45,1461.45,none
3360,19.95,416.4,none
3361,83.2,1060.6,none
3362,74.65,4869.35,none
3363,54.9,54.9,none
3364,57.5,3265.95,none
3365,103.9,2254.2,none
3366,19.65,358.15,none
3367,93.8,2939.8,none
3368,89.25,4652.4,none
3369,94.15,4408.45,none
3370,55.6,580.8,none
3371,48.7,2495.2,none
3372,19.25,180.3,none
3373,104.9,5913.95,none
3374,75.45,158.4,none
3375,54.85,104.2,none
3376,19.9,1389.35,none
3377,19.4,19.4,none
3378,25.05,1629.2,none
3379,84.45,6033.1,none
3380,19.3,44.4,none
3381,95.1,95.1,none
3382,79.85,3320.75,none
3383,25.55,1867.7,none
3384,75.5,438.0,none
3385,73.75,325.45,none
3386,96.05,1148.1,none
3387,68.4,3972.25,none
3388,20.65,155.9,none
3389,55.15,3673.15,none
3390,70.6,70.6,none
3391,19.95,1126.75,none
3392,19.0,73.45,none
3393,44.1,2413.05,none
3394,107.6,6912.7,none
3395,61.55,1581.95,none
3396,90.7,5586.45,none
3397,99.25,5846.65,none
3398,91.7,6424.7,none
3399,100.7,6018.65,none
3400,78.45,3373.4,none
3401,84.3,1537.9,none
3402,19.55,1080.55,none
3403,88.95,355.2,none
3404,20.45,82.85,none
3405,55.6,2016.45,none
3406,86.8,5327.25,none
3407,20.95,683.25,none
3408,20.05,1263.05,none
3409,50.7,151.3,none
3410,113.65,7714.65,none
3411,53.4,188.7,none
3412,101.9,5549.4,none
3413,59.5,130.5,none
3414,87.8,2621.75,none
3415,41.9,1875.25,none
3416,83.0,5685.8,none
3417,69.85,837.5,none
3418,56.3,401.5,none
3419,109.55,6118.95,none
3420,92.15,6480.9,none
3421,69.5,1800.05,none
3422,97.0,7104.2,none
3423,58.35,4214.25,none
3424,50.6,50.6,none
3425,89.5,863.1,none
3426,70.4,1992.2,none
3427,69.8,69.8,none
3428,94.3,1948.35,none
3429,93.8,4750.95,total_missing
3430,19.55,1007.9,zero_monthly
3431,95.95,5036.9,none
3432,101.05,2391.8,none
3433,94.8,6859.05,none
3434,107.75,6521.9,none
3435,54.6,617.85,none
3436,71.3,157.75,none
3437,19.5,516.3,none
3438,56.3,2364.0,none
3439,94.7,1687.95,none
3440,104.15,7689.95,none
3441,90.55,6239.05,none
3442,60.8,2042.05,none
3443,98.8,2807.1,none
3444,98.15,4116.8,none
3445,35.35,1317.95,none
3446,103.15,4594.65,none
3447,107.75,6332.75,none
3448,81.4,3213.75,none
3449,61.45,229.55,none
3450,95.7,4976.15,none
3451,104.8,7308.95,none
3452,70.95,4555.2,none
3453,44.95,44.95,none
3454,97.65,6982.5,none
3455,35.65,1025.15,none
3456,90.55,90.55,none
3457,85.25,5714.2,none
3458,19.5,19.5,none
3459,88.8,2274.35,none
3460,25.1,789.55,none
3461,100.05,4834.0,none
3462,55.7,3131.8,none
3463,85.2,602.55,none
3464,91.15,3369.25,none
3465,83.85,2674.15,none
3466,45.9,199.75,none
3467,25.1,1790.8,none
3468,91.4,449.75,none
3469,19.7,19.7,none
3470,91.5,1400.3,none
3471,51.3,411.6,none
3472,21.1,741.0,none
3473,104.75,5841.35,none
3474,106.15,4512.7,none
3475,85.75,5688.45,none
3476,20.3,31.9,none
3477,100.75,6674.65,none
3478,74.15,1345.75,none
3479,78.55,1843.05,total_missing
3480,45.3,196.95,none
3481,19.85,1433.8,none
3482,50.7,214.55,none
3483,45.0,865.85,none
3484,77.8,1358.6,overbilled_monthly
3485,83.45,3147.15,none
3486,73.25,131.05,none
3487,94.8,4535.85,none
3488,20.1,1078.75,none
3489,59.9,542.4,none
3490,90.1,2312.55,overbilled_monthly
3491,51.05,415.05,none
3492,70.95,3250.45,none
3493,29.2,98.5,none
3494,46.6,87.9,none
3495,85.35,754.65,none
3496,75.35,75.35,none
3497,74.3,1952.25,none
3498,69.3,153.8,none
3499,75.2,3198.6,none
3500,20.9,20.9,none
3501,94.3,5610.15,none
3502,76.45,4519.5,none
3503,54.0,2440.25,none
3504,104.25,6860.6,none
3505,19.95,1377.7,none
3506,24.95,190.25,none
3507,84.75,1651.95,none
3508,19.75,78.3,none
3509,113.65,7939.25,none
3510,44.9,44.9,none
3511,75.25,576.7,none
3512,24.6,1279.0,none
3513,25.0,1260.7,none
3514,20.95,267.35,total_decimal_shift
3515,110.6,6586.85,none
3516,55.5,934.15,none
3517,43.3,123.65,none
3518,109.5,7534.65,none
3519,19.45,19.45,none
3520,84.85,3645.6,none
3521,19.6,314.45,none
3522,53.45,3053.0,none
3523,19.8,677.05,none
3524,112.1,7965.95,none
3525,84.8,906.85,none
3526,95.05,4888.7,none
3527,50.35,237.25,none
3528,74.6,74.6,none
3529,19.7,342.4,none
3530,74.2,140.1,none
3531,69.0,1108.0,none
3532,19.35,295.55,none
3533,59.45,892.65,none
3534,19.8,198.25,none
3535,105.2,4822.85,none
3536,109.2,6741.15,none
3537,79.15,79.15,none
3538,53.65,1355.45,none
3539,100.2,7209.0,none
3540,45.15,438.4,none
3541,108.65,7726.35,none
3542,40.65,2070.75,none
3543,55.35,1636.95,none
3544,105.6,7581.5,none
3545,93.8,3019.5,none
3546,95.7,4729.75,none
3547,83.2,6126.1,none
3548,90.05,6333.4,none
3549,97.65,6687.85,none
3550,68.05,4158.25,none
3551,96.2,3183.4,none
3552,79.6,79.6,none
3553,102.1,7149.35,none
3554,23.4,1429.65,none
3555,71.05,472.65,none
3556,85.25,1734.5,none
3557,19.45,113.5,none
3558,59.45,1884.65,none
3559,92.2,2568.15,none
3560,19.85,470.0,none
3561,43.9,278.4,none
3562,80.5,2088.8,none
3563,89.8,502.6,none
3564,90.5,2595.85,none
3565,90.45,5825.5,none
3566,50.75,50.75,none
3567,84.6,4449.75,none
3568,89.65,1208.35,none
3569,99.15,1956.4,none
3570,19.95,310.6,none
3571,20.5,290.55,none
3572,62.1,2096.1,none
3573,79.5,2665.0,none
3574,19.55,543.8,none
3575,20.35,20.35,none
3576,51.7,3005.8,none
3577,23.3,1623.15,none
3578,65.4,2498.4,none
3579,65.1,2586.0,none
3580,81.2,3292.3,none
3581,72.9,651.4,none
3582,74.5,4674.55,none
3583,80.5,232.35,none
3584,60.3,2448.5,none
3585,75.0,658.1,none
3586,90.15,3128.8,none
3587,40.0,223.45,none
3588,99.45,919.4,none
3589,69.05,653.95,none
3590,59.7,1825.5,none
3591,19.85,943.1,none
3592,86.25,181.65,none
3593,45.65,45.65,none
3594,70.1,551.35,none
3595,40.75,359.4,none
3596,70.2,115.95,none
3597,55.35,165.2,none
3598,95.7,2338.35,none
3599,46.3,46.3,none
3600,81.3,3541.1,none
3601,84.2,4146.05,none
3602,20.0,1087.25,none
3603,66.15,2522.4,total_missing
3604,45.85,81.0,none
3605,19.6,717.3,none
3606,49.8,1734.2,none
3607,101.75,7069.3,none
3608,55.15,742.9,none
3609,75.25,3017.65,none
3610,103.95,6423.0,none
3611,100.15,1164.3,none
3612,99.65,4220.35,none
3613,73.7,1558.7,none
3614,50.05,2743.45,none
3615,60.25,4055.5,none
3616,105.75,2710.25,none
3617,87.3,6055.55,none
3618,48.35,810.7,none
3619,54.25,2538.2,none
3620,85.3,6129.2,none
3621,50.0,1750.85,none
3622,24.4,36.55,none
3623,90.95,6652.45,none
3624,72.25,2575.45,none
3625,96.1,6019.35,none
3626,19.85,1379.6,none
3627,55.3,1284.2,none
3628,20.1,296.15,none
3629,69.5,653.25,none
3630,25.15,412.6,none
3631,20.95,85.5,none
3632,49.55,49.55,none
3633,79.65,1928.7,none
3634,71.25,71.25,none
3635,113.8,7845.8,none
3636,24.55,1750.7,none
3637,19.7,216.2,none
3638,20.25,178.5,none
3639,50.15,115.1,none
3640,100.5,6029.0,none
3641,95.9,2745.2,none
3642,74.45,3721.9,none
3643,104.1,3121.1,none
3644,19.05,990.45,none
3645,25.0,1004.35,none
3646,19.05,157.65,none
3647,81.9,3219.75,none
3648,69.7,572.85,none
3649,90.15,4554.85,none
3650,25.35,1847.55,none
3651,24.65,1766.75,none
3652,19.55,1462.05,none
3653,25.25,25.25,none
3654,60.0,2193.2,none
3655,89.9,2433.5,none
3656,19.4,641.15,none
3657,49.8,2398.4,none
3658,24.1,861.85,none
3659,54.25,583.0,none
3660,109.9,7332.4,none
3661,35.5,249.55,none
3662,87.55,4475.9,none
3663,45.15,416.45,none
3664,88.4,788.6,none
3665,50.8,202.3,none
3666,99.0,6994.6,none
3667,84.4,4116.15,none
3668,96.55,2263.45,none
3669,59.75,1374.35,none
3670,111.5,4915.15,none
3671,24.25,838.5,none
3672,75.1,75.1,none
3673,70.15,3715.65,none
3674,101.75,4273.45,none
3675,45.8,45.8,none
3676,20.5,20.5,none
3677,70.4,2044.75,none
3678,30.55,30.55,none
3679,84.9,1398.25,none
3680,20.1,20.1,none
3681,40.65,328.95,none
3682,101.0,4680.05,none
3683,69.1,69.1,none
3684,54.5,3778.2,none
3685,75.35,3161.4,none
3686,44.45,2188.45,none
3687,75.0,999.45,none
3688,100.0,1888.65,none
3689,98.05,3990.6,none
3690,71.15,71.15,none
3691,54.15,1240.25,none
3692,63.9,2635.0,none
3693,69.15,235.0,none
3694,64.65,2347.85,none
3695,108.75,7156.2,none
3696,98.85,3089.6,none
3697,49.15,270.8,none
3698,89.6,2901.8,none
3699,83.25,4949.1,none
3700,70.25,2198.9,none
3701,19.4,374.5,none
3702,24.5,761.95,none
3703,79.15,1520.9,none
3704,20.1,190.25,none
3705,73.0,5163.0,none
3706,61.4,4059.85,none
3707,84.3,2281.6,none
3708,19.9,1356.7,none
3709,20.4,231.45,none
3710,50.75,50.75,none
3711,20.45,242.4,none
3712,75.75,4264.25,none
3713,65.4,2774.55,none
3714,80.4,3605.2,none
3715,59.75,4069.9,none
3716,78.5,874.2,none
3717,102.0,1145.35,none
3718,48.95,1323.7,none
3719,99.65,5497.05,none
3720,18.25,534.7,none
3721,54.55,2455.05,none
3722,20.65,38.7,none
3723,40.65,947.4,none
3724,20.45,357.0,none
3725,24.8,1476.25,none
3726,70.8,70.8,none
3727,89.05,1448.6,none
3728,96.6,291.9,none
3729,88.8,5903.15,none
3730,20.05,1201.65,none
3731,104.5,5921.35,none
3732,69.8,146.65,none
3733,77.15,1759.4,none
3734,35.05,844.45,none
3735,108.1,7774.05,none
3736,84.05,134.05,none
3737,20.2,140.95,none
3738,50.6,249.95,none
3739,49.2,1701.65,none
3740,24.6,592.65,none
3741,71.65,135.75,none
3742,104.9,7732.65,none
3743,106.5,4282.4,total_decimal_shift
3744,49.35,219.65,none
3745,75.5,2018.1,none
3746,94.25,669.0,none
3747,68.95,68.95,none
3748,58.5,224.85,none
3749,78.9,3771.5,none
3750,93.85,196.75,none
3751,79.2,943.85,none
3752,109.45,6572.85,none
3753,59.2,3175.85,none
3754,29.15,29.15,none
3755,20.05,20.05,none
3756,76.05,318.9,none
3757,24.45,24.45,none
3758,66.5,2762.75,none
3759,49.55,49.55,none
3760,89.35,631.85,none
3761,73.6,232.5,none
3762,82.65,5919.35,none
3763,49.0,749.25,none
3764,80.35,307.4,none
3765,25.2,245.15,none
3766,25.45,134.75,none
3767,55.8,55.8,none
3768,110.9,8240.85,none
3769,77.75,4266.4,none
3770,26.2,1077.5,none
3771,19.9,1115.6,none
3772,79.05,79.05,none
3773,95.0,95.0,none
3774,25.2,25.2,none
3775,80.85,4079.55,none
3776,98.4,4187.75,none
3777,56.35,2391.15,none
3778,19.3,890.5,none
3779,50.4,137.25,none
3780,79.4,5154.6,none
3781,55.25,3119.9,none
3782,19.1,529.5,none
3783,84.05,966.55,none
3784,105.2,6936.85,none
3785,101.4,3496.3,none
3786,89.8,914.3,none
3787,75.75,1929.0,none
3788,95.3,5817.7,none
3789,109.75,6110.2,none
3790,19.85,178.8,none
3791,19.3,28.3,none
3792,69.1,435.0,none
3793,91.25,2351.8,none
3794,20.25,186.15,none
3795,54.75,445.85,none
3796,81.45,912.0,none
3797,49.1,679.55,none
3798,80.2,3581.6,none
3799,100.3,4222.95,none
3800,65.25,1994.3,none
3801,90.95,5930.05,none
3802,85.45,1505.85,none
3803,20.0,20.0,none
3804,94.1,5638.3,none
3805,79.85,797.25,none
3806,71.65,71.65,none
3807,73.55,1359.45,none
3808,104.65,2542.45,total_missing
3809,19.3,54.7,none
3810,20.15,989.05,none
3811,44.55,44.55,none
3812,54.45,87.3,none
3813,19.65,351.55,none
3814,105.0,7297.75,none
3815,88.7,6301.7,none
3816,74.25,210.3,none
3817,75.15,3822.45,none
3818,20.25,1048.45,none
3819,109.1,6393.65,none
3820,30.75,1489.3,none
3821,112.9,8061.5,none
3822,74.2,74.2,none
3823,94.05,518.75,none
3824,78.85,5763.15,none
3825,55.3,238.5,none
3826,19.35,1031.7,none
3827,25.35,0.0,none
3828,20.45,34.8,none
3829,19.35,1319.95,none
3830,101.0,4388.4,none
3831,100.2,420.2,none
3832,89.05,2177.45,none
3833,78.65,3950.85,none
3834,74.75,827.05,none
3835,70.1,3913.3,none
3836,19.9,533.5,none
3837,58.35,3756.45,none
3838,105.65,443.9,none
3839,100.5,2599.95,none
3840,20.05,284.3,none
3841,25.65,1740.8,none
3842,96.5,3436.1,none
3843,95.0,2462.55,none
3844,70.85,70.85,none
3845,85.95,3110.1,none
3846,73.9,280.85,none
3847,45.45,411.75,none
3848,20.0,198.6,none
3849,49.2,103.7,none
3850,109.45,6144.55,none
3851,83.25,4089.45,none
3852,19.25,864.2,none
3853,19.65,19.65,none
3854,72.8,3249.4,none
3855,109.65,5405.8,none
3856,65.0,3363.8,none
3857,114.1,7132.15,total_missing
3858,20.65,93.55,none
3859,86.95,4138.9,none
3860,94.75,5121.75,none
3861,25.35,566.1,none
3862,105.45,2715.3,none
3863,25.4,1782.05,none
3864,102.55,1742.5,none
3865,100.2,2983.8,none
3866,24.0,24.0,none
3867,25.6,485.9,none
3868,73.5,1905.7,none
3869,74.05,1565.7,none
3870,98.25,4858.7,none
3871,54.4,3723.65,none
3872,101.55,298.35,none
3873,103.1,970.45,none
3874,34.2,1782.0,none
3875,43.75,405.7,none
3876,111.95,4534.9,none
3877,100.65,2415.95,none
3878,55.95,1157.05,none
3879,116.05,8297.5,none
3880,45.75,45.75,none
3881,82.0,2083.1,none
3882,65.15,4681.75,none
3883,44.8,176.2,none
3884,79.8,1001.2,none
3885,88.85,1594.75,none
3886,74.95,212.4,none
3887,106.85,7677.4,none
3888,74.95,815.5,none
3889,80.15,80.15,none
3890,19.3,259.65,none
3891,109.25,8109.8,none
3892,56.1,2386.85,none
3893,19.7,340.35,none
3894,51.3,419.35,none
3895,118.6,7990.05,zero_monthly
3896,24.15,1402.25,none
3897,20.3,749.35,none
3898,115.5,8425.15,none
3899,25.05,1171.5,none
3900,109.1,5647.95,none
3901,19.65,708.8,none
3902,111.3,7567.2,none
3903,29.9,29.9,zero_monthly
3904,80.6,4348.1,none
3905,20.8,635.9,none
3906,35.2,108.95,none
3907,78.8,78.8,none
3908,89.95,1682.4,none
3909,116.05,6925.9,none
3910,19.55,223.15,none
3911,106.4,5127.95,none
3912,49.4,874.8,none
3913,115.25,6758.45,none
3914,24.8,1874.3,none
3915,19.9,791.15,none
3916,81.25,4639.45,none
3917,69.95,143.9,none
3918,69.1,69.1,none
3919,90.2,1776.55,none
3920,93.55,536.4,none
3921,86.4,6172.0,none
3922,66.3,1559.45,none
3923,94.65,6079.0,none
3924,80.85,80.85,none
3925,82.05,4029.95,none
3926,72.1,2658.4,none
3927,34.7,383.55,none
3928,20.55,51.15,none
3929,95.95,1745.5,none
3930,44.8,2230.85,none
3931,109.4,7281.6,none
3932,71.05,1837.7,none
3933,78.55,149.55,none
3934,19.7,180.7,zero_monthly
3935,40.25,411.45,none
3936,19.85,1328.35,none
3937,68.25,576.95,none
3938,20.15,68.45,overbilled_monthly
3939,50.95,123.05,none
3940,78.65,78.65,none
3941,25.15,468.35,none
3942,20.25,174.7,none
3943,42.9,42.9,none
3944,44.0,44.0,none
3945,20.25,172.35,none
3946,34.25,139.35,none
3947,58.5,539.85,none
3948,55.8,300.4,none
3949,88.9,4968.0,none
3950,57.65,992.7,none
3951,96.2,4718.25,none
3952,79.15,5536.5,none
3953,108.05,7806.6,total_missing
3954,74.4,434.1,none
3955,94.8,1563.9,none
3956,45.9,1332.4,none
3957,105.3,545.2,none
3958,102.6,6296.75,none
3959,73.85,1284.2,none
3960,61.35,3645.5,none
3961,57.55,161.45,none
3962,29.25,226.95,none
3963,84.55,646.85,none
3964,19.6,1441.65,none
3965,111.75,7511.3,none
3966,106.5,5621.85,none
3967,107.7,7919.8,none
3968,19.3,593.2,none
3969,20.05,1423.65,none
3970,69.95,69.95,none
3971,63.7,2763.35,none
3972,24.75,692.1,none
3973,50.9,2298.55,none
3974,60.4,2640.55,none
3975,79.25,2911.8,none
3976,85.8,1727.5,none
3977,24.45,86.6,none
3978,110.1,6705.7,none
3979,90.7,237.65,none
3980,25.3,1672.35,none
3981,105.7,2979.5,none
3982,85.2,695.75,none
3983,24.35,1654.6,none
3984,24.25,24.25,none
3985,25.1,1857.85,none
3986,54.55,825.1,none
3987,96.6,6424.25,none
3988,76.5,837.95,none
3989,81.15,4126.2,none
3990,38.5,330.8,none
3991,92.9,1337.45,none
3992,93.5,362.2,none
3993,84.7,5991.05,none
3994,66.0,4891.5,none
3995,101.5,5373.1,none
3996,74.9,2068.55,none
3997,20.75,487.05,none
3998,61.45,4131.2,none
3999,54.5,2301.15,none
4000,69.6,131.65,none
4001,99.75,4036.0,total_decimal_shift
4002,109.75,4900.65,none
4003,80.85,5727.45,none
4004,20.3,743.05,none
4005,67.8,4804.65,none
4006,24.05,24.05,none
4007,19.8,1414.65,none
4008,25.7,1443.65,none
4009,56.15,2898.95,none
4010,86.7,5309.5,none
4011,20.4,20.4,none
4012,19.65,451.55,none
4013,50.55,50.55,none
4014,54.35,117.05,none
4015,108.1,5839.3,none
4016,54.45,1893.5,none
4017,45.35,45.35,none
4018,59.0,1654.45,none
4019,69.45,477.05,none
4020,100.55,1415.55,none
4021,64.95,4546.0,none
4022,20.5,20.5,none
4023,18.85,163.2,none
4024,19.8,849.9,none
4025,25.05,189.95,none
4026,74.8,321.9,none
4027,114.3,8058.55,none
4028,24.45,482.8,none
4029,109.2,7049.75,none
4030,45.05,2560.1,none
4031,51.0,286.8,none
4032,110.45,7982.5,none
4033,84.65,5683.6,none
4034,60.05,3994.05,none
4035,44.65,369.15,none
4036,93.25,4631.7,none
4037,20.25,401.95,none
4038,25.45,1534.05,none
4039,20.6,1093.0,none
4040,94.1,701.3,none
4041,34.8,1980.3,none
4042,60.75,2893.4,none
4043,51.35,262.3,none
4044,64.05,3886.85,none
4045,84.8,5917.55,none
4046,71.0,914.0,none
4047,50.15,2139.1,none
4048,94.6,5948.7,none
4049,59.75,3624.35,none
4050,100.25,4753.85,none
4051,98.9,5780.7,none
4052,97.7,6869.7,none
4053,40.3,1172.95,none
4054,60.25,662.95,none
4055,56.25,1765.95,none
4056,46.2,2431.95,none
4057,50.6,155.35,none
4058,24.9,1859.2,none
4059,84.85,3303.05,none
4060,65.7,134.35,none
4061,63.35,3409.1,none
4062,50.1,709.5,none
4063,70.5,70.5,none
4064,94.85,953.45,none
4065,50.15,50.15,none
4066,19.75,19.75,none
4067,64.65,3665.55,none
4068,79.6,5515.8,none
4069,19.5,272.0,none
4070,99.55,6668.0,none
4071,74.0,4052.4,none
4072,38.9,664.4,none
4073,79.55,718.55,none
4074,65.45,937.6,none
4075,98.7,5812.6,none
4076,46.3,2546.85,none
4077,99.35,6944.5,none
4078,95.8,1346.3,none
4079,67.5,1544.05,none
4080,78.15,765.15,none
4081,26.1,692.55,none
4082,69.6,69.6,none
4083,84.35,4059.35,none
4084,100.2,6851.65,none
4085,78.05,78.05,none
4086,40.35,1187.05,none
4087,79.2,5401.9,none
4088,20.9,247.0,none
4089,73.6,520.0,none
4090,74.75,706.6,none
4091,49.9,49.9,none
4092,68.9,1370.35,none
4093,20.25,20.25,none
4094,76.0,2215.25,none
4095,74.0,74.0,none
4096,82.3,214.4,none
4097,89.4,1871.15,none
4098,99.15,6171.2,none
4099,20.2,20.2,none
4100,29.45,161.45,none
4101,19.8,1013.2,none
4102,59.15,336.7,none
4103,44.75,333.65,none
4104,90.8,6511.8,none
4105,49.55,393.45,none
4106,106.7,7009.5,none
4107,93.55,2264.05,none
4108,94.45,6921.7,none
4109,19.45,600.25,none
4110,25.05,56.35,none
4111,67.95,4664.15,none
4112,65.25,1441.8,none
4113,99.45,5623.7,none
4114,20.35,695.85,none
4115,19.95,1028.75,none
4116,77.4,4155.95,none
4117,19.7,395.6,none
4118,99.7,6330.4,none
4119,74.8,2971.7,none
4120,19.15,638.0,none
4121,78.95,2034.25,none
4122,95.55,2510.2,none
4123,62.85,3419.5,none
4124,71.55,2427.35,none
4125,94.95,1760.25,none
4126,86.1,3551.65,none
4127,19.55,122.9,none
4128,24.8,1424.2,none
4129,39.3,2111.45,none
4130,84.05,2909.95,none
4131,36.25,374.0,none
4132,20.25,20.25,none
4133,23.9,300.8,none
4134,98.6,5581.05,none
4135,103.65,5676.65,none
4136,92.9,3379.25,none
4137,19.9,942.95,none
4138,20.1,232.4,none
4139,85.45,85.45,none
4140,80.5,2088.45,none
4141,99.9,6137.0,none
4142,39.85,1434.6,none
4143,60.5,3870.0,none
4144,84.8,2043.45,none
4145,103.85,2215.0,none
4146,67.8,842.25,none
4147,75.2,2576.2,none
4148,24.85,1901.0,none
4149,19.35,601.6,none
4150,49.35,3515.25,none
4151,89.0,605.45,none
4152,55.0,3094.05,none
4153,76.15,4929.55,none
4154,20.3,595.05,none
4155,74.9,469.8,none
4156,117.35,8436.25,none
4157,19.75,19.75,none
4158,45.2,492.0,none
4159,25.2,987.95,none
4160,89.75,5496.9,none
4161,75.0,1908.35,none
4162,49.95,107.1,none
4163,65.7,4575.35,none
4164,67.05,4309.55,none
4165,110.9,7922.75,none
4166,87.95,522.35,none
4167,19.8,587.7,none
4168,75.7,3876.2,none
4169,62.15,3778.85,none
4170,101.25,1457.25,none
4171,115.15,8349.45,none
4172,18.95,185.6,none
4173,19.5,19.5,none
4174,86.55,1066.9,none
4175,28.6,973.55,none
4176,20.4,1226.45,none
4177,19.8,342.3,none
4178,45.65,985.05,none
4179,56.4,3948.45,none
4180,73.3,828.05,none
4181,24.35,41.85,none
4182,101.35,6164.7,none
4183,98.65,2862.75,none
4184,33.6,33.6,none
4185,79.9,343.95,none
4186,20.7,20.7,none
4187,104.05,6590.5,none
4188,20.25,717.95,none
4189,103.3,2890.65,none
4190,73.7,4885.85,none
4191,96.2,1222.05,none
4192,108.75,6871.7,none
4193,20.15,405.6,none
4194,19.75,208.25,none
4195,25.95,1801.9,none
4196,70.05,3062.45,none
4197,24.05,1764.75,none
4198,84.75,1816.75,none
4199,23.05,1255.1,none
4200,104.15,5743.05,none
4201,59.95,3921.1,none
4202,19.55,1463.45,none
4203,19.6,189.45,none
4204,20.05,96.8,none
4205,85.55,408.5,none
4206,78.6,1846.65,none
4207,116.8,8456.75,none
4208,43.55,1011.5,none
4209,60.8,4263.4,none
4210,54.9,2549.1,none
4211,65.2,3965.05,none
4212,102.95,2496.7,none
4213,90.6,90.6,none
4214,50.8,288.05,none
4215,90.05,368.1,none
4216,108.2,7840.6,none
4217,92.0,6632.75,none
4218,75.1,1013.35,none
4219,25.05,152.95,none
4220,75.15,3772.65,none
4221,19.5,1026.35,none
4222,19.3,19.3,none
4223,112.2,5031.85,none
4224,70.3,220.4,none
4225,19.6,1416.5,none
4226,20.25,158.35,none
4227,75.85,256.6,none
4228,80.65,5542.55,none
4229,68.5,68.5,none
4230,115.75,8443.7,none
4231,73.5,791.75,none
4232,80.6,5708.2,none
4233,69.95,69.95,none
4234,59.55,2016.3,none
4235,19.05,326.65,none
4236,95.65,5471.75,none
4237,19.95,19.95,none
4238,70.05,346.4,none
4239,19.4,1061.6,none
4240,36.1,1971.5,none
4241,94.0,773.65,none
4242,61.15,1422.05,none
4243,19.75,19.75,none
4244,64.1,2460.35,none
4245,19.75,856.5,none
4246,19.7,1275.85,none
4247,110.2,7467.5,none
4248,106.35,7261.75,none
4249,90.55,5116.6,none
4250,65.9,660.05,none
4251,104.5,6590.8,none
4252,52.5,1208.15,none
4253,56.1,1033.9,none
4254,88.75,1885.15,none
4255,84.45,2467.1,none
4256,75.3,989.45,none
4257,26.0,2006.95,none
4258,99.4,5025.0,none
4259,109.55,4830.25,none
4260,19.6,59.75,none
4261,73.15,3088.25,none
4262,54.65,3134.7,none
4263,66.4,94.55,none
4264,115.55,8312.4,none
4265,104.45,4863.85,none
4266,100.05,6871.9,total_decimal_shift
4267,102.0,6529.25,none
4268,91.15,6637.9,none
4269,89.7,3165.6,none
4270,90.2,1454.15,none
4271,92.4,6786.1,none
4272,19.9,543.0,none
4273,25.15,1327.15,none
4274,79.85,2404.15,none
4275,18.85,867.3,none
4276,25.75,25.75,none
4277,49.6,114.7,none
4278,20.95,109.5,none
4279,97.05,4692.95,none
4280,25.4,546.85,none
4281,19.7,1274.05,none
4282,35.0,1782.4,none
4283,101.25,5301.1,none
4284,70.2,280.35,none
4285,90.95,2897.95,none
4286,73.85,3371.0,none
4287,88.05,801.3,none
4288,105.95,6975.25,none
4289,91.85,257.05,none
4290,20.1,1079.45,none
4291,40.1,40.1,none
4292,110.3,6997.3,none
4293,73.9,2217.15,none
4294,89.8,1129.1,none
4295,85.15,979.05,none
4296,60.95,4119.4,none
4297,72.25,2568.55,none
4298,73.55,3349.1,none
4299,46.0,492.1,none
4300,58.55,1718.95,none
4301,24.6,605.25,none
4302,19.75,1344.5,none
4303,86.35,4267.15,none
4304,25.5,1121.05,none
4305,19.0,918.7,none
4306,19.55,521.8,none
4307,110.1,4469.1,none
4308,96.55,3580.3,none
4309,69.75,1729.35,none
4310,50.6,1073.3,none
4311,65.6,4566.5,none
4312,40.1,293.3,none
4313,82.1,2603.1,none
4314,79.1,1783.75,none
4315,101.25,2440.15,none
4316,79.55,79.55,none
4317,90.65,6322.1,none
4318,20.55,57.4,none
4319,75.75,4284.65,none
4320,110.0,7138.65,none
4321,20.85,1539.75,none
4322,80.35,1058.1,none
4323,70.15,123.8,none
4324,84.05,2781.85,none
4325,67.45,2731.0,none
4326,20.75,20.75,none
4327,89.1,89.1,none
4328,69.9,497.3,none
4329,51.1,711.15,none
4330,94.4,1607.2,none
4331,78.25,1490.95,none
4332,25.55,1898.1,none
4333,60.0,3273.95,none
4334,90.55,2929.75,none
4335,76.4,838.7,none
4336,84.95,1443.65,none
4337,110.1,7746.7,none
4338,99.65,6951.15,none
4339,45.4,214.75,none
4340,69.0,2669.45,none
4341,48.65,235.2,total_decimal_shift
4342,44.15,92.65,none
4343,59.85,3103.25,none
4344,75.75,606.25,none
4345,80.65,5330.2,none
4346,20.55,1403.1,none
4347,66.4,2727.8,none
4348,100.2,5038.45,none
4349,19.1,19.1,none
4350,80.3,80.3,none
4351,44.55,1462.6,none
4352,20.35,150.6,none
4353,91.8,5960.5,none
4354,74.9,74.9,none
4355,20.2,1192.3,none
4356,50.35,314.55,none
4357,18.8,56.0,none
4358,20.45,330.8,none
4359,64.75,877.35,none
4360,98.7,2249.1,none
4361,89.45,2807.65,none
4362,58.75,1696.2,none
4363,20.7,1032.05,none
4364,85.6,4902.8,none
4365,80.3,4995.35,none
4366,79.8,5034.05,none
4367,79.85,1857.75,none
4368,54.1,1992.85,none
4369,80.85,751.65,none
4370,24.75,66.95,none
4371,80.9,1714.95,none
4372,24.5,343.6,none
4373,20.15,20.15,none
4374,20.05,520.1,none
4375,19.6,1387.45,none
4376,114.3,7383.7,none
4377,100.3,4483.95,none
4378,80.0,1706.45,none
4379,20.85,1327.4,none
4380,89.95,5974.3,none
4381,20.0,0.0,none
4382,90.85,4515.85,none
4383,48.75,179.85,none
4384,80.0,5040.2,none
4385,79.7,165.0,none
4386,20.35,422.7,none
4387,57.55,3046.4,none
4388,20.25,20.25,none
4389,19.4,358.05,none
4390,100.4,2936.25,none
4391,57.95,1271.8,none
4392,59.5,530.05,none
4393,19.2,19.2,none
4394,86.5,1808.7,none
4395,59.55,1144.6,none
4396,103.95,7446.9,none
4397,25.1,25.1,none
4398,103.95,7556.9,none
4399,68.95,4858.7,none
4400,103.1,6595.0,none
4401,24.7,149.05,none
4402,110.2,4972.1,none
4403,48.95,1880.85,none
4404,62.45,2045.55,none
4405,89.55,2187.15,none
4406,83.55,477.55,none
4407,78.9,2976.95,none
4408,20.35,178.7,none
4409,71.45,5025.85,none
4410,46.35,3353.4,none
4411,94.65,1461.15,none
4412,49.9,2782.4,none
4413,25.45,1699.15,none
4414,89.15,1496.9,none
4415,20.75,452.2,zero_monthly
4416,66.1,4428.45,none
4417,75.4,1322.55,none
4418,70.45,70.45,none
4419,60.3,3563.8,none
4420,21.05,139.75,total_missing
4421,69.35,1927.3,none
4422,88.85,3000.25,none
4423,97.0,3021.3,none
4424,66.4,2245.4,none
4425,24.75,24.75,none
4426,69.2,944.65,none
4427,79.5,1264.2,none
4428,100.65,4917.75,none
4429,103.3,2012.7,zero_monthly
4430,79.7,5743.3,none
4431,61.4,1864.65,none
4432,69.8,1221.65,none
4433,40.55,1390.85,none
4434,75.65,302.35,none
4435,90.7,1374.9,none
4436,80.5,1336.9,none
4437,60.6,1297.8,none
4438,101.15,6067.4,none
4439,24.95,1222.25,none
4440,20.3,487.95,none
4441,60.0,2548.55,none
4442,20.25,835.5,none
4443,78.5,242.05,none
4444,44.75,44.75,none
4445,19.85,63.75,none
4446,98.0,6218.45,none
4447,79.9,260.9,none
4448,107.7,7320.9,none
4449,99.7,2967.35,none
4450,104.7,6333.8,none
4451,58.6,939.7,none
4452,93.9,4200.25,none
4453,86.45,5950.2,none
4454,98.5,1037.75,none
4455,19.4,93.4,none
4456,50.45,50.45,none
4457,24.95,1614.9,none
4458,75.0,1573.95,none
4459,94.65,3624.3,none
4460,100.25,100.25,none
4461,78.2,1468.75,none
4462,94.2,2607.6,none
4463,88.45,1422.1,none
4464,69.85,69.85,none
4465,81.7,858.6,none
4466,50.05,1523.4,none
4467,79.9,324.3,none
4468,69.55,3435.6,none
4469,25.4,399.6,none
4470,90.1,4549.45,none
4471,44.65,322.5,none
4472,83.75,3273.55,none
4473,80.35,5375.15,none
4474,98.1,2510.7,none
4475,53.35,3090.05,total_missing
4476,19.55,61.05,none
4477,20.9,20.9,none
4478,48.95,955.6,none
4479,54.2,140.4,none
4480,24.45,1493.1,none
4481,69.4,69.4,none
4482,40.15,1626.05,none
4483,74.9,541.15,none
4484,25.6,1784.9,none
4485,70.35,70.35,none
4486,91.7,6075.9,none
4487,89.2,5500.6,none
4488,24.1,73.1,none
4489,74.15,3229.4,none
4490,53.85,3399.85,none
4491,115.6,6431.05,none
4492,19.75,19.75,none
4493,24.05,1230.9,none
4494,25.3,454.65,none
4495,84.3,235.05,none
4496,70.1,70.1,none
4497,89.75,6595.9,none
4498,97.95,5867.0,none
4499,20.0,196.35,none
4500,78.3,909.25,none
4501,103.9,6449.15,none
4502,20.7,762.45,none
4503,96.8,5283.95,none
4504,94.4,1617.5,none
4505,20.15,785.75,none
4506,26.0,1776.0,none
4507,77.35,5396.25,none
4508,66.05,574.5,none
4509,19.9,400.3,none
4510,84.3,84.3,none
4511,68.15,2656.3,none
4512,80.85,1445.95,none
4513,75.5,5212.65,none
4514,92.45,6440.25,none
4515,80.6,2244.95,none
4516,83.2,1130.0,none
4517,87.55,6463.15,none
4518,99.55,1131.2,none
4519,81.25,585.95,none
4520,109.4,6252.7,none
4521,19.95,19.95,none
4522,45.55,2062.15,none
4523,20.7,587.1,none
4524,75.3,720.45,none
4525,99.25,2186.4,none
4526,93.4,2979.3,none
4527,73.75,956.65,none
4528,80.45,3201.55,none
4529,88.15,3973.2,none
4530,49.2,447.9,none
4531,19.65,1335.2,none
4532,79.35,661.25,none
4533,79.75,1111.85,none
4534,105.15,7555.0,none
4535,49.0,49.0,none
4536,100.05,3046.15,none
4537,69.35,69.35,none
4538,49.8,836.35,none
4539,85.8,272.2,none
4540,79.7,5293.4,none
4541,20.95,20.95,none
4542,50.55,50.55,none
4543,79.3,2570.0,none
4544,19.5,798.2,none
4545,80.55,80.55,none
4546,44.15,44.15,none
4547,84.5,916.9,none
4548,105.5,6487.2,none
4549,84.3,1855.65,none
4550,92.7,1556.85,none
4551,26.25,1988.05,none
4552,96.95,5432.2,none
4553,20.45,147.55,overbilled_monthly
4554,115.8,8424.9,none
4555,108.2,2203.7,none
4556,20.2,387.4,none
4557,67.75,116.65,none
4558,54.9,3045.75,none
4559,85.25,2287.25,none
4560,20.15,130.5,none
4561,90.35,767.9,none
4562,55.75,446.8,none
4563,114.6,8100.25,none
4564,80.05,830.7,none
4565,20.0,20.0,none
4566,66.8,4689.15,none
4567,100.3,6754.35,none
4568,105.35,3540.65,none
4569,85.2,2184.6,none
4570,48.8,1054.6,none
4571,18.95,130.55,none
4572,69.8,1540.35,none
4573,106.15,6411.25,none
4574,20.55,1432.55,none
4575,105.75,7629.85,none
4576,25.25,101.9,none
4577,19.75,313.4,none
4578,104.85,6312.9,none
4579,60.95,629.55,none
4580,81.15,2640.55,none
4581,19.1,1372.45,none
4582,20.8,1212.25,none
4583,90.15,6237.05,none
4584,90.1,6310.9,none
4585,74.1,5031.0,none
4586,85.05,85.05,none
4587,118.75,8672.45,none
4588,85.9,2196.45,none
4589,95.0,3008.15,none
4590,20.15,220.8,none
4591,101.3,5779.6,none
4592,21.2,222.65,none
4593,24.2,914.6,none
4594,20.3,246.3,none
4595,102.8,2110.15,none
4596,85.3,5560.0,none
4597,89.6,1633.0,none
4598,99.95,547.65,none
4599,56.25,969.85,none
4600,50.95,2610.65,none
4601,115.85,6567.9,none
4602,103.65,4747.85,none
4603,26.1,1759.55,none
4604,35.1,101.1,none
4605,99.1,6496.15,none
4606,67.25,4234.15,none
4607,25.0,300.7,none
4608,59.55,59.55,none
4609,77.8,4323.35,none
4610,55.1,1466.1,none
4611,117.8,8684.8,none
4612,24.15,1776.45,none
4613,45.25,2933.95,none
4614,79.5,4370.25,none
4615,20.25,144.35,total_missing
4616,64.75,4804.75,none
4617,54.6,1125.2,none
4618,20.7,39.85,none
4619,94.75,422.4,none
4620,79.65,251.75,none
4621,115.8,8332.15,none
4622,49.45,314.6,none
4623,83.8,4331.4,none
4624,95.35,6382.0,none
4625,94.7,740.3,none
4626,74.05,600.15,none
4627,89.6,5538.8,total_decimal_shift
4628,116.6,7049.5,none
4629,54.2,690.5,none
4630,19.3,279.3,none
4631,65.05,1427.55,none
4632,92.5,452.7,none
4633,19.45,19.45,none
4634,24.05,1709.15,none
4635,18.75,53.15,none
4636,20.15,777.35,none
4637,20.0,860.85,none
4638,71.0,5012.1,none
4639,75.55,166.3,none
4640,93.6,2404.1,none
4641,70.0,70.0,none
4642,24.4,24.4,none
4643,74.8,4820.15,none
4644,65.25,209.9,none
4645,50.55,610.75,none
4646,104.4,3409.6,none
4647,70.7,70.7,total_decimal_shift
4648,45.25,155.35,none
4649,70.3,144.0,overbilled_monthly
4650,108.95,7875.0,none
4651,26.45,911.6,none
4652,86.2,1270.2,none
4653,19.65,478.1,none
4654,51.2,1561.5,none
4655,19.05,761.85,none
4656,74.75,2282.95,none
4657,75.8,1615.1,none
4658,25.1,1097.15,none
4659,44.45,369.3,none
4660,104.3,6725.3,none
4661,19.5,31.55,none
4662,89.0,6293.2,none
4663,20.15,432.5,none
4664,74.9,321.75,none
4665,74.9,147.15,none
4666,36.15,2434.45,overbilled_monthly
4667,19.2,532.1,none
4668,19.25,375.25,none
4669,61.2,125.95,none
4670,20.45,1042.65,none
4671,35.05,1620.25,none
4672,100.25,2387.75,none
4673,44.0,659.35,none
4674,102.8,2660.2,none
4675,50.35,1285.8,none
4676,100.0,4211.55,none
4677,20.0,377.55,none
4678,99.85,990.9,none
4679,94.2,193.8,none
4680,86.4,6058.95,none
4681,58.4,964.9,none
4682,83.85,790.15,none
4683,88.3,2467.75,none
4684,94.1,2322.85,none
4685,104.05,7262.0,none
4686,108.9,4854.3,none
4687,107.4,7748.75,none
4688,94.7,1914.9,none
4689,90.85,6470.1,none
4690,19.9,57.4,none
4691,66.4,2019.8,none
4692,100.65,5688.05,none
4693,100.7,1522.7,none
4694,25.6,1334.5,none
4695,19.85,252.0,none
4696,20.75,700.45,none
4697,95.8,5655.45,none
4698,94.65,6747.35,none
4699,80.55,5265.1,none
4700,106.65,5174.35,none
4701,45.85,105.6,none
4702,104.35,2271.85,none
4703,55.45,2966.95,none
4704,78.85,1772.25,none
4705,61.15,61.15,none
4706,78.95,494.95,none
4707,44.45,44.45,none
4708,109.2,5290.45,none
4709,61.3,3346.8,overbilled_monthly
4710,96.85,5219.65,none
4711,40.55,217.5,none
4712,19.8,607.7,none
4713,108.25,5431.4,none
4714,105.05,6004.85,none
4715,90.45,5957.9,none
4716,86.4,5442.05,none
4717,66.9,4370.25,none
4718,110.7,4428.6,none
4719,20.0,416.45,none
4720,84.9,3067.2,none
4721,102.1,6688.1,none
4722,20.25,20.25,none
4723,70.15,4224.7,none
4724,74.35,74.35,none
4725,80.05,4042.2,none
4726,62.05,62.05,none
4727,49.2,3580.95,none
4728,20.5,1198.8,none
4729,38.25,1755.35,none
4730,54.95,3772.5,none
4731,96.6,2877.95,total_missing
4732,19.9,357.7,none
4733,19.9,1397.3,none
4734,84.6,959.9,none
4735,80.0,3182.95,none
4736,85.25,3704.15,none
4737,81.25,4620.4,none
4738,115.5,8312.75,none
4739,104.1,541.9,none
4740,79.0,929.3,none
4741,39.1,971.3,none
4742,94.65,1285.05,total_missing
4743,20.8,1521.2,none
4744,59.5,3389.25,none
4745,20.05,1198.05,none
4746,100.45,3414.65,none
4747,76.5,162.45,none
4748,20.6,754.0,none
4749,20.3,467.15,none
4750,49.2,216.9,none
4751,39.55,373.0,none
4752,23.15,245.2,none
4753,20.45,481.1,none
4754,80.85,302.75,none
4755,25.25,1728.2,none
4756,91.25,2964.05,none
4757,72.45,2156.25,none
4758,60.1,60.1,none
4759,19.7,1051.9,none
4760,78.95,78.95,none
4761,75.1,5013.0,none
4762,25.0,1738.9,none
4763,69.15,2275.1,none
4764,91.55,5511.65,none
4765,45.15,98.5,none
4766,35.8,1316.9,none
4767,113.15,7993.3,none
4768,19.85,19.85,none
4769,19.8,1388.45,none
4770,19.9,666.0,none
4771,19.7,94.45,none
4772,79.4,244.65,none
4773,59.1,4134.7,none
4774,53.95,2375.4,none
4775,91.15,4862.5,none
4776,99.3,2431.35,none
4777,68.95,351.5,none
4778,51.55,106.2,none
4779,24.4,1413.0,none
4780,96.8,1743.05,none
4781,70.05,657.5,none
4782,19.5,1050.5,none
4783,78.75,426.35,none
4784,69.2,4982.5,none
4785,19.55,19.55,none
4786,80.65,1451.9,none
4787,103.65,7634.8,none
4788,54.7,235.05,none
4789,54.15,3116.15,none
4790,71.1,71.1,none
4791,84.85,2633.4,none
4792,20.0,49.65,none
4793,106.25,6979.8,none
4794,99.25,4920.8,none
4795,19.35,46.35,none
4796,20.8,1021.8,none
4797,94.75,5276.1,none
4798,114.05,8289.2,none
4799,74.9,2659.45,none
4800,19.8,196.75,none
4801,94.0,94.0,none
4802,80.85,5824.75,none
4803,54.65,1517.5,overbilled_monthly
4804,91.7,3479.05,none
4805,118.6,7365.7,none
4806,24.55,1331.05,none
4807,19.45,1195.95,none
4808,116.15,3946.9,none
4809,80.6,4299.95,none
4810,20.3,20.3,none
4811,89.85,1424.95,none
4812,46.0,193.6,none
4813,66.25,620.55,none
4814,99.8,4391.25,none
4815,90.0,1993.8,none
4816,70.45,2597.6,none
4817,75.0,4213.9,total_decimal_shift
4818,19.9,19.9,none
4819,80.3,5017.7,none
4820,19.75,1052.35,none
4821,84.3,4916.4,none
4822,54.05,2959.8,none
4823,104.9,7559.55,none
4824,53.95,53.95,none
4825,97.25,7133.1,none
4826,83.05,1799.3,none
4827,105.5,829.55,none
4828,81.0,1312.15,none
4829,41.1,1597.05,none
4830,45.0,524.35,none
4831,74.55,4191.45,none
4832,40.2,711.95,none
4833,70.5,2201.75,none
4834,19.75,806.95,none
4835,24.65,1620.45,none
4836,104.25,6812.95,none
4837,78.35,1837.9,none
4838,69.8,69.8,none
4839,109.7,7344.45,none
4840,73.75,545.15,none
4841,33.45,1500.25,none
4842,94.6,2283.15,none
4843,54.55,494.05,none
4844,20.2,1376.5,none
4845,20.3,755.4,overbilled_monthly
4846,39.4,825.4,none
4847,69.15,488.65,none
4848,76.25,2841.55,none
4849,93.9,486.85,none
4850,51.35,2075.1,none
4851,100.05,5299.65,none
4852,70.4,204.7,none
4853,20.3,1356.3,none
4854,94.45,5042.75,none
4855,46.4,812.4,none
4856,104.05,6605.55,none
4857,91.15,2995.45,none
4858,24.9,505.95,none
4859,59.6,3509.4,none
4860,108.5,6991.9,none
4861,40.55,590.35,none
4862,58.95,2789.7,none
4863,70.95,137.95,none
4864,20.75,1123.15,none
4865,113.15,7953.25,none
4866,48.8,349.8,none
4867,63.05,1067.05,none
4868,100.85,3527.3,none
4869,99.5,3762.0,none
4870,80.55,1248.9,none
4871,64.4,3035.35,none
4872,75.2,4300.8,none
4873,84.9,6065.3,none
4874,19.3,144.95,none
4875,83.9,3233.6,none
4876,117.45,5438.9,none
4877,104.4,1081.45,none
4878,74.65,2308.6,none
4879,59.05,1882.8,none
4880,69.1,3255.35,none
4881,20.55,1067.65,none
4882,76.55,2065.4,none
4883,62.5,4136.4,total_decimal_shift
4884,29.4,221.9,none
4885,94.9,3848.0,none
4886,111.65,8022.85,none
4887,19.9,173.15,none
4888,20.45,781.25,none
4889,106.05,4510.8,none
4890,113.45,5317.8,none
4891,92.55,4779.45,none
4892,65.6,250.1,none
4893,84.35,1745.2,none
4894,44.65,74.9,none
4895,71.1,4140.1,none
4896,85.15,3670.5,total_missing
4897,49.7,1167.8,none
4898,30.2,469.65,none
4899,25.25,58.9,none
4900,84.05,333.55,none
4901,85.7,3171.15,none
4902,74.7,74.7,none
4903,56.35,1381.2,none
4904,90.8,455.5,none
4905,107.55,3645.5,none
4906,19.85,1158.85,none
4907,95.9,6954.15,none
4908,23.85,1672.1,none
4909,106.15,3152.5,none
4910,83.85,4307.1,none
4911,85.35,2530.4,none
4912,84.8,6141.65,none
4913,90.85,3186.7,none
4914,76.1,1054.8,none
4915,74.55,5430.65,none
4916,39.2,849.9,none
4917,79.55,151.75,none
4918,19.6,299.4,none
4919,19.55,1086.75,none
4920,39.15,2692.75,none
4921,20.1,1389.6,none
4922,99.95,3767.4,none
4923,59.8,3641.5,none
4924,49.75,2535.55,none
4925,35.75,35.75,none
4926,108.5,6880.85,none
4927,60.15,3753.2,none
4928,19.05,637.55,none
4929,46.0,181.6,none
4930,84.0,5329.55,none
4931,44.55,44.55,none
4932,103.45,1539.8,none
4933,80.65,2209.75,none
4934,57.2,223.75,none
4935,110.75,7751.7,none
4936,24.7,1174.35,none
4937,97.05,4385.05,none
4938,76.35,2606.35,none
4939,89.4,1539.45,none
4940,18.9,18.9,none
4941,74.45,1261.35,none
4942,19.8,58.15,none
4943,50.9,225.6,none
4944,84.4,5969.3,none
4945,24.4,253.9,none
4946,20.05,400.0,none
4947,81.0,340.85,none
4948,98.35,2515.3,none
4949,55.5,227.35,none
4950,51.0,305.95,none
4951,91.65,365.4,none
4952,84.3,2357.75,none
4953,100.2,198.5,none
4954,19.4,554.25,none
4955,90.85,90.85,none
4956,69.4,69.4,none
4957,94.45,742.95,none
4958,20.4,251.65,none
4959,94.75,5597.65,none
4960,20.15,20.15,none
4961,95.7,4816.7,none
4962,44.35,768.05,none
4963,74.55,1215.8,none
4964,73.6,3522.65,none
4965,74.95,1834.95,none
4966,47.95,305.1,none
4967,50.1,910.45,none
4968,63.6,155.65,none
4969,53.0,3656.25,none
4970,19.85,52.0,none
4971,24.35,150.85,none
4972,19.55,389.25,none
4973,25.05,1873.7,none
4974,93.8,1261.0,none
4975,36.85,108.7,none
4976,103.75,7346.2,none
4977,56.75,3708.4,none
4978,20.8,469.65,none
4979,44.1,44.1,none
4980,24.45,1385.85,none
4981,25.6,548.8,none
4982,50.75,712.75,none
4983,104.4,6405.0,none
4984,39.3,1637.4,none
4985,59.65,2536.55,none
4986,83.3,6042.7,none
4987,79.55,958.25,none
4988,24.45,1730.65,none
4989,19.2,459.6,none
4990,29.8,201.95,none
4991,45.5,285.2,none
4992,106.45,6145.85,none
4993,30.05,1529.45,none
4994,65.65,4664.5,none
4995,96.05,1740.7,none
4996,75.1,552.95,none
4997,74.05,3496.3,none
4998,44.7,93.7,none
4999,110.75,7053.35,none
5000,19.7,301.55,none
5001,49.5,312.7,none
5002,55.0,1046.5,none
5003,43.95,2960.1,none
5004,74.35,834.2,none
5005,111.15,6953.4,none
5006,104.7,4134.85,none
5007,55.7,899.8,none
5008,20.6,541.5,none
5009,19.65,116.85,none
5010,115.8,7942.15,none
5011,88.65,5321.25,none
5012,94.5,4156.8,none
5013,20.1,223.6,none
5014,34.65,768.45,none
5015,52.3,3765.05,none
5016,65.0,2157.5,none
5017,19.85,108.05,none
5018,35.45,1391.65,none
5019,19.7,1379.8,none
5020,95.6,1273.3,none
5021,19.85,810.45,none
5022,81.85,1810.85,none
5023,109.3,7782.85,none
5024,70.3,70.3,none
5025,25.4,1797.1,none
5026,69.8,377.85,overbilled_monthly
5027,20.0,445.3,none
5028,85.55,851.75,none
5029,109.9,7624.2,none
5030,50.3,355.1,none
5031,94.5,575.45,none
5032,101.5,906.85,none
5033,89.15,1057.55,none
5034,19.4,19.4,none
5035,29.9,1388.75,none
5036,78.8,1641.3,none
5037,85.35,1375.15,total_missing
5038,79.65,152.7,none
5039,19.3,185.2,none
5040,79.6,195.05,none
5041,96.8,1826.7,none
5042,20.65,417.5,none
5043,19.8,344.5,none
5044,90.6,1660.0,none
5045,104.6,2180.55,none
5046,80.05,2835.9,none
5047,45.15,45.15,none
5048,73.15,2730.85,none
5049,99.1,5437.1,none
5050,20.2,20.2,none
5051,106.05,6981.35,none
5052,105.35,5794.45,none
5053,45.65,747.2,none
5054,79.95,1267.95,none
5055,54.45,3674.95,none
5056,25.1,1275.6,none
5057,84.7,5893.9,none
5058,75.85,724.65,none
5059,48.8,1536.75,none
5060,99.15,3615.6,none
5061,35.2,607.3,zero_monthly
5062,76.25,4154.55,none
5063,55.9,2184.35,none
5064,82.35,1852.85,none
5065,40.4,77.15,none
5066,24.9,847.8,none
5067,54.3,2390.45,none
5068,66.3,1923.5,none
5069,20.9,1493.2,none
5070,75.35,338.1,none
5071,85.15,3030.6,none
5072,75.35,75.35,none
5073,104.45,2184.85,none
5074,49.45,1031.4,none
5075,19.45,921.3,none
5076,92.15,3875.4,none
5077,93.8,3124.5,none
5078,19.85,144.15,none
5079,100.25,6689.0,none
5080,95.7,1451.1,none
5081,93.15,6368.2,none
5082,69.7,3729.6,none
5083,19.8,350.1,none
5084,71.35,2847.2,none
5085,20.75,452.35,none
5086,40.6,1494.5,none
5087,20.4,930.45,none
5088,20.35,41.85,none
5089,19.75,1272.05,none
5090,54.4,475.1,none
5091,94.7,673.1,none
5092,30.5,208.7,none
5093,20.45,150.75,none
5094,66.15,3199.0,none
5095,89.85,5844.65,none
5096,45.05,2462.6,none
5097,86.85,6263.8,none
5098,96.75,3403.4,none
5099,77.0,237.75,none
5100,20.1,221.35,none
5101,75.3,75.3,none
5102,106.65,1672.1,none
5103,110.15,7881.2,none
5104,82.85,2320.8,none
5105,20.1,370.5,none
5106,99.2,4062.2,none
5107,59.45,3043.7,none
5108,58.6,2723.4,none
5109,49.7,1081.25,none
5110,65.85,4097.05,none
5111,73.5,632.2,none
5112,85.5,4042.3,none
5113,20.05,164.85,none
5114,113.65,8166.8,none
5115,83.4,4113.7,none
5116,65.65,3047.15,none
5117,70.4,70.4,none
5118,61.35,4193.4,none
5119,85.9,3729.75,none
5120,75.65,399.45,none
5121,49.75,331.3,none
5122,70.9,1964.6,none
5123,49.85,1336.15,overbilled_monthly
5124,75.3,1147.45,none
5125,20.1,486.05,none
5126,94.0,1078.9,none
5127,103.05,5925.75,none
5128,118.35,7804.15,none
5129,99.7,4747.2,none
5130,81.9,1028.9,none
5131,30.45,226.45,none
5132,96.1,4364.1,none
5133,66.2,4692.55,none
5134,104.25,2433.9,none
5135,80.2,1217.25,total_decimal_shift
5136,19.75,19.75,none
5137,72.6,154.3,none
5138,116.5,6382.55,none
5139,106.8,7623.2,none
5140,24.95,1261.45,none
5141,89.25,89.25,none
5142,19.25,86.05,none
5143,104.55,6779.05,none
5144,87.2,4345.0,none
5145,30.75,82.85,none
5146,25.7,1714.55,none
5147,86.2,893.2,none
5148,30.1,810.85,none
5149,99.35,6347.55,none
5150,19.2,1123.65,none
5151,20.1,43.15,none
5152,20.35,35.1,none
5153,25.65,1388.0,none
5154,94.55,3851.45,none
5155,104.2,1743.5,none
5156,94.4,2638.1,none
5157,56.1,946.95,none
5158,68.25,1114.85,none
5159,24.75,1777.6,none
5160,76.25,684.85,none
5161,74.35,74.35,none
5162,54.15,1312.45,none
5163,19.45,159.2,none
5164,34.95,610.2,none
5165,53.65,404.35,none
5166,69.65,69.65,none
5167,104.0,6363.45,none
5168,70.35,4124.65,none
5169,80.8,713.1,none
5170,64.85,950.75,none
5171,19.65,19.65,none
5172,45.9,505.95,none
5173,20.0,1149.65,none
5174,44.8,169.65,none
5175,80.3,526.7,none
5176,20.35,393.15,none
5177,45.8,1147.0,none
5178,84.1,3021.6,none
5179,108.95,5718.2,none
5180,69.35,191.35,none
5181,64.35,4539.6,none
5182,90.8,6397.6,none
5183,24.95,280.4,none
5184,79.6,2718.3,none
5185,84.7,5711.05,none
5186,70.8,3478.15,none
5187,36.45,36.45,none
5188,104.4,4133.95,none
5189,101.5,2917.65,none
5190,54.3,54.3,none
5191,103.95,2964.8,none
5192,91.1,2198.3,none
5193,19.95,1189.9,none
5194,26.45,1914.5,none
5195,89.4,2001.5,none
5196,75.1,5336.35,none
5197,108.1,7238.6,none
5198,110.15,7998.8,none
5199,80.35,3825.85,none
5200,111.5,5703.25,none
5201,106.5,7397.0,none
5202,19.9,164.6,none
5203,111.1,6555.2,none
5204,70.7,225.65,none
5205,24.85,955.75,none
5206,91.2,3382.3,none
5207,65.6,2313.8,none
5208,40.65,933.3,none
5209,59.45,780.85,none
5210,109.95,7852.4,none
5211,60.45,3184.25,total_missing
5212,84.9,764.95,none
5213,38.5,2763.0,none
5214,92.55,1614.7,none
5215,73.55,145.4,none
5216,20.15,156.25,none
5217,34.7,1604.5,none
5218,24.5,270.15,none
5219,19.7,0.0,none
5220,20.6,20.6,none
5221,58.0,1734.5,none
5222,107.45,7047.5,none
5223,65.5,573.15,none
5224,25.45,1538.6,none
5225,100.15,4459.8,none
5226,104.45,7459.0,none
5227,21.15,306.05,none
5228,96.2,639.7,none
5229,44.4,348.15,none
5230,107.55,4533.9,none
5231,94.35,5563.65,none
5232,98.75,1587.55,total_missing
5233,20.3,40.25,none
5234,101.15,842.9,none
5235,105.75,4228.55,none
5236,81.15,784.45,none
5237,89.55,3729.75,none
5238,54.75,1406.9,none
5239,53.75,1857.3,none
5240,105.75,7322.5,none
5241,105.85,6725.5,none
5242,64.2,3627.3,none
5243,88.7,1761.45,none
5244,87.7,1725.95,none
5245,89.3,4192.15,none
5246,20.15,1411.2,none
5247,79.75,164.5,none
5248,94.55,2724.6,none
5249,20.05,264.55,none
5250,67.2,4671.7,none
5251,94.55,1173.55,none
5252,69.05,318.5,none
5253,107.5,7713.55,none
5254,73.0,2471.25,none
5255,114.75,7842.3,none
5256,76.05,2227.8,none
5257,96.25,4990.25,none
5258,101.1,3744.05,none
5259,104.7,7220.35,none
5260,77.9,2351.45,none
5261,90.65,2989.6,none
5262,110.45,6077.75,none
5263,68.7,4070.95,none
5264,44.85,2479.05,none
5265,29.8,2134.3,none
5266,88.9,6000.1,none
5267,58.75,2203.1,none
5268,19.85,183.15,none
5269,86.9,6194.1,none
5270,59.65,638.95,none
5271,55.25,2139.2,none
5272,66.4,831.75,none
5273,90.1,521.3,none
5274,20.15,1337.5,none
5275,108.1,7181.95,none
5276,53.75,608.0,none
5277,56.9,2560.1,none
5278,89.3,577.6,none
5279,109.6,5953.0,none
5280,25.15,1790.15,none
5281,79.15,2531.4,none
5282,66.75,4760.3,none
5283,95.2,292.85,none
5284,48.8,953.65,none
5285,45.7,198.0,none
5286,80.7,5705.05,none
5287,74.5,609.9,none
5288,20.55,20.55,none
5289,79.65,79.65,none
5290,115.1,6993.65,total_missing
5291,59.7,4122.65,none
5292,86.45,5762.95,none
5293,33.7,1537.85,none
5294,80.1,2603.3,none
5295,104.05,5566.4,none
5296,108.75,5431.9,none
5297,41.1,2258.25,none
5298,20.35,1092.35,none
5299,105.9,6401.25,none
5300,101.3,2812.2,none
5301,80.05,80.05,none
5302,89.2,2698.35,none
5303,65.5,616.9,none
5304,40.45,1912.85,none
5305,70.45,849.1,none
5306,78.8,3460.3,none
5307,83.65,1465.75,none
5308,90.1,90.1,none
5309,82.45,5555.3,none
5310,20.25,1278.8,none
5311,66.25,2907.35,none
5312,19.5,146.3,none
5313,51.25,51.25,none
5314,89.7,4952.95,none
5315,64.55,4504.9,none
5316,45.6,45.6,none
5317,93.65,4520.15,none
5318,49.65,267.35,none
5319,73.6,2316.85,none
5320,109.75,8075.35,none
5321,61.45,2302.35,none
5322,106.4,7251.9,none
5323,81.9,2078.55,none
5324,105.2,6225.4,none
5325,54.6,1242.25,zero_monthly
5326,20.55,99.45,none
5327,20.0,288.05,none
5328,19.7,599.25,none
5329,66.05,3462.1,none
5330,34.0,853.0,none
5331,92.5,934.1,none
5332,54.05,2375.2,none
5333,58.9,2813.05,none
5334,88.35,1222.8,none
5335,107.95,5293.2,none
5336,96.9,6314.35,none
5337,19.1,19.1,none
5338,50.0,1003.05,none
5339,45.4,1593.1,none
5340,85.45,2509.95,none
5341,84.1,3187.65,none
5342,74.45,74.45,none
5343,64.75,2345.2,none
5344,66.25,3330.1,none
5345,76.9,5522.7,none
5346,89.8,2335.3,none
5347,74.6,4798.4,none
5348,116.95,8594.4,none
5349,40.65,970.55,none
5350,114.35,7665.8,none
5351,69.7,3686.05,none
5352,95.5,1115.15,none
5353,98.65,2537.0,none
5354,61.65,1393.6,none
5355,89.35,89.35,none
5356,95.4,4445.3,none
5357,35.4,978.6,none
5358,19.95,1258.15,zero_monthly
5359,19.25,331.35,none
5360,29.65,291.4,total_decimal_shift
5361,84.5,453.75,none
5362,20.4,84.75,none
5363,24.75,1715.1,none
5364,25.35,1715.15,none
5365,90.7,1597.25,none
5366,20.0,1250.1,none
5367,59.75,3996.8,none
5368,82.5,5215.1,none
5369,70.3,235.5,none
5370,20.35,673.2,none
5371,90.8,1442.2,none
5372,103.95,5639.05,none
5373,104.95,5222.35,none
5374,105.25,7291.75,none
5375,74.75,799.65,none
5376,50.8,50.8,none
5377,23.75,424.5,none
5378,61.3,249.4,none
5379,75.8,4415.75,none
5380,98.0,5270.6,none
5381,80.25,144.55,none
5382,78.9,2447.95,none
5383,52.0,2884.9,none
5384,84.75,3050.15,overbilled_monthly
5385,64.4,253.0,none
5386,85.45,4517.25,none
5387,45.8,436.2,none
5388,30.5,118.4,none
5389,19.9,19.9,none
5390,69.15,3649.6,none
5391,99.45,1200.15,none
5392,49.25,255.6,none
5393,39.35,2395.05,none
5394,70.6,70.6,none
5395,105.1,5083.55,none
5396,81.0,389.6,none
5397,20.1,644.5,none
5398,84.85,523.5,none
5399,19.75,39.3,none
5400,19.75,989.05,none
5401,70.4,2406.1,none
5402,20.45,638.55,none
5403,20.35,191.1,none
5404,86.2,4524.05,none
5405,95.65,4664.2,none
5406,103.8,3470.8,overbilled_monthly
5407,97.2,6910.3,none
5408,63.55,4014.2,none
5409,24.95,1288.0,none
5410,89.15,2277.65,none
5411,99.0,6375.8,none
5412,24.8,24.8,none
5413,85.55,5251.75,none
5414,94.0,1505.45,none
5415,105.65,6903.1,none
5416,50.3,913.3,none
5417,95.0,5535.8,none
5418,61.4,815.55,none
5419,80.55,1411.65,none
5420,78.5,5602.25,none
5421,114.3,8244.3,none
5422,20.05,741.5,none
5423,62.65,4375.8,none
5424,80.85,1008.7,none
5425,92.7,5968.4,none
5426,100.45,3096.9,none
5427,75.2,3901.25,none
5428,84.75,2613.4,none
5429,89.45,853.1,none
5430,79.5,5661.7,none
5431,72.15,794.25,none
5432,19.8,695.05,none
5433,76.4,160.8,none
5434,100.9,5552.05,none
5435,95.3,3275.15,none
5436,90.95,4236.6,none
5437,54.5,54.5,none
5438,61.6,1174.35,none
5439,79.9,741.7,none
5440,96.15,3019.25,none
5441,49.6,962.9,none
5442,65.3,4759.75,none
5443,25.0,1498.35,none
5444,45.45,1233.15,none
5445,107.75,4882.8,none
5446,89.1,5411.65,none
5447,19.65,19.65,none
5448,44.75,148.05,none
5449,101.6,3930.55,none
5450,103.15,6895.5,none
5451,84.65,84.65,none
5452,95.65,6856.95,none
5453,75.1,2658.8,none
5454,61.35,3766.2,none
5455,69.55,69.55,none
5456,19.7,129.55,none
5457,31.05,347.25,none
5458,51.0,581.7,none
5459,51.0,354.05,none
5460,88.85,929.45,none
5461,20.05,679.0,none
5462,65.1,3846.75,none
5463,70.15,4480.7,none
5464,44.35,44.35,none
5465,20.75,499.4,none
5466,56.05,1553.2,none
5467,19.95,219.5,none
5468,98.6,5311.85,none
5469,79.7,586.05,none
5470,79.0,2576.8,none
5471,89.45,6435.25,none
5472,74.2,1993.25,none
5473,81.0,1923.85,none
5474,49.6,939.8,none
5475,84.6,84.6,none
5476,55.0,3092.65,none
5477,84.85,415.55,none
5478,84.2,5986.55,none
5479,106.3,5487.0,none
5480,69.05,651.5,none
5481,45.4,45.4,none
5482,73.65,73.65,zero_monthly
5483,73.9,2405.05,none
5484,77.75,4458.15,none
5485,99.35,6856.45,zero_monthly
5486,50.75,50.75,none
5487,87.1,4735.2,none
5488,20.15,682.15,none
5489,98.7,4525.8,none
5490,25.2,321.05,none
5491,55.7,335.65,none
5492,65.35,1424.4,none
5493,25.3,1748.55,total_decimal_shift
5494,84.35,474.9,none
5495,84.95,668.4,none
5496,73.85,926.25,none
5497,24.25,1077.95,none
5498,51.8,2541.25,none
5499,46.0,46.0,none
5500,79.4,1156.1,none
5501,60.5,3694.45,none
5502,25.1,382.8,none
5503,71.8,1167.8,none
5504,20.05,746.75,none
5505,88.4,3912.9,none
5506,30.25,368.85,none
5507,20.2,20.2,none
5508,59.9,1654.7,none
5509,25.15,1940.85,none
5510,46.0,221.7,none
5511,101.3,1794.65,none
5512,76.95,5289.8,none
5513,55.3,501.2,none
5514,92.45,6140.85,none
5515,48.45,48.45,none
5516,19.35,309.25,none
5517,51.75,201.1,none
5518,86.7,6179.35,none
5519,94.4,2838.7,none
5520,55.7,55.7,none
5521,84.25,4589.85,none
5522,64.65,3735.45,none
5523,70.15,70.15,none
5524,69.2,477.55,none
5525,54.65,2553.7,none
5526,24.75,1342.15,none
5527,23.95,1216.35,none
5528,105.0,7578.05,overbilled_monthly
5529,59.85,2603.95,none
5530,20.05,42.7,none
5531,92.15,6056.9,none
5532,44.8,2983.65,none
5533,20.9,689.35,none
5534,95.4,2025.1,none
5535,80.35,1747.2,none
5536,85.1,4657.95,none
5537,34.7,296.1,none
5538,115.05,8016.6,none
5539,81.1,81.1,none
5540,19.95,433.5,none
5541,20.55,20.55,none
5542,106.6,6428.4,none
5543,86.15,5883.85,none
5544,78.85,1043.8,none
5545,106.75,6252.9,none
5546,86.55,1857.25,none
5547,42.4,146.4,none
5548,89.45,240.45,none
5549,24.25,1724.15,none
5550,97.9,315.3,none
5551,20.5,429.55,none
5552,19.6,356.15,none
5553,20.25,488.25,none
5554,55.7,55.7,none
5555,20.6,1298.7,none
5556,19.8,1378.75,none
5557,79.8,973.45,none
5558,80.2,384.25,none
5559,116.4,8543.25,none
5560,31.65,389.95,none
5561,94.15,5731.85,none
5562,20.65,20.65,none
5563,76.85,4275.75,none
5564,20.15,84.5,none
5565,55.25,1924.1,none
5566,39.05,669.85,none
5567,82.15,5784.3,none
5568,103.0,5166.2,none
5569,95.1,4060.55,none
5570,83.9,267.4,none
5571,95.15,3532.85,none
5572,79.8,4914.8,none
5573,74.8,5315.8,none
5574,69.85,69.85,none
5575,20.45,775.6,none
5576,78.35,5445.95,none
5577,53.55,53.55,none
5578,19.1,1007.8,none
5579,20.0,833.55,none
5580,93.9,6579.05,none
5581,19.95,1004.5,none
5582,113.15,7856.0,none
5583,24.0,1183.05,zero_monthly
5584,84.95,2169.75,none
5585,80.5,896.9,none
5586,19.3,19.3,none
5587,19.15,501.35,none
5588,91.3,4126.35,none
5589,49.65,49.65,none
5590,54.35,2460.15,none
5591,19.15,477.6,none
5592,88.45,370.65,none
5593,19.75,265.75,none
5594,75.5,2424.45,none
5595,83.75,1849.95,none
5596,19.4,61.05,none
5597,26.5,1698.55,none
5598,90.5,1910.6,none
5599,19.15,998.1,none
5600,94.85,890.6,none
5601,69.95,529.5,none
5602,40.9,1383.6,none
5603,80.25,493.4,none
5604,48.6,48.6,none
5605,70.8,1207.0,none
5606,60.2,563.5,none
5607,55.2,864.55,none
5608,55.8,2109.35,none
5609,54.15,701.05,none
5610,80.15,2265.25,none
5611,75.5,220.6,none
5612,100.4,5749.8,none
5613,62.55,2796.45,none
5614,70.45,5165.7,none
5615,85.5,5696.6,none
5616,20.2,20.2,none
5617,54.5,2076.05,none
5618,20.75,44.2,none
5619,20.35,215.25,none
5620,91.0,1859.5,none
5621,104.8,7470.1,none
5622,74.75,229.5,none
5623,104.05,2470.1,none
5624,51.1,2092.9,none
5625,89.8,5629.55,none
5626,20.55,469.85,none
5627,64.05,733.95,none
5628,74.85,485.25,none
5629,96.65,1244.5,none
5630,20.05,20.05,none
5631,103.45,3994.45,none
5632,25.0,78.25,none
5633,20.3,1131.5,none
5634,26.35,184.05,none
5635,19.9,19.9,none
5636,54.7,1178.75,none
5637,46.35,667.7,none
5638,90.25,5629.15,none
5639,19.95,19.95,none
5640,20.65,109.3,none
5641,79.6,79.6,none
5642,25.45,958.45,none
5643,19.5,403.15,none
5644,75.9,75.9,none
5645,76.2,76.2,total_decimal_shift
5646,66.15,4392.5,none
5647,19.25,19.25,none
5648,69.1,3168.0,none
5649,39.1,1096.6,none
5650,20.05,669.45,none
5651,59.8,2343.85,none
5652,84.3,3588.4,none
5653,48.6,48.6,none
5654,79.0,522.95,none
5655,105.35,7511.9,none
5656,25.1,1725.0,none
5657,49.75,49.75,none
5658,94.75,1691.9,none
5659,93.0,2248.05,none
5660,71.9,4479.2,none
5661,77.55,3471.1,none
5662,19.85,63.0,none
5663,70.25,70.25,none
5664,95.25,3314.15,none
5665,84.6,865.55,none
5666,25.05,852.7,none
5667,53.15,1930.9,none
5668,20.15,91.4,none
5669,101.25,3949.15,none
5670,100.55,4304.0,none
5671,24.1,409.9,none
5672,25.3,1554.9,none
5673,71.8,3472.05,none
5674,19.7,117.8,none
5675,49.85,3210.35,none
5676,69.6,207.4,none
5677,19.75,19.75,none
5678,80.8,3132.75,none
5679,60.0,60.0,none
5680,86.55,649.65,none
5681,20.85,20.85,none
5682,64.2,2106.3,none
5683,35.0,35.0,none
5684,50.75,2011.4,none
5685,105.5,6205.5,none
5686,19.2,903.7,overbilled_monthly
5687,85.15,503.6,none
5688,90.65,3882.3,none
5689,20.0,879.8,none
5690,74.65,383.65,none
5691,61.2,4390.25,none
5692,19.95,68.2,none
5693,54.8,452.8,none
5694,73.45,5329.0,none
5695,51.45,1758.9,none
5696,80.45,5737.6,none
5697,54.2,1152.7,none
5698,109.5,7674.55,none
5699,104.4,2157.95,none
5700,85.3,1219.85,none
5701,79.3,2414.55,none
5702,76.5,1155.6,none
5703,105.1,7548.1,none
5704,25.4,1809.35,none
5705,86.85,1564.4,none
5706,19.65,19.65,none
5707,75.7,75.7,none
5708,45.55,84.4,none
5709,78.1,864.85,none
5710,19.3,228.75,none
5711,110.5,7752.05,none
5712,90.8,1951.0,none
5713,20.3,470.6,none
5714,81.35,4060.9,none
5715,97.95,384.5,none
5716,108.15,3432.9,none
5717,55.3,108.65,none
5718,56.55,3952.65,none
5719,80.5,463.05,none
5720,19.7,494.05,none
5721,104.05,3416.85,none
5722,52.85,1498.65,none
5723,104.3,2867.75,none
5724,80.65,4807.35,none
5725,71.35,71.35,none
5726,24.65,471.35,none
5727,21.3,1041.8,none
5728,110.2,7689.8,none
5729,89.4,1132.35,none
5730,51.05,1815.0,none
5731,19.8,1311.3,none
5732,19.9,199.45,none
5733,87.3,1637.3,none
5734,19.85,1326.35,none
5735,89.4,6376.55,none
5736,20.0,935.9,none
5737,20.05,20.05,overbilled_monthly
5738,83.25,1611.15,none
5739,20.6,20.6,none
5740,102.9,6989.7,none
5741,39.1,2779.5,none
5742,99.95,1931.75,none
5743,114.5,8331.95,none
5744,20.2,735.9,none
5745,55.8,2283.3,none
5746,24.2,1445.2,none
5747,81.0,818.05,none
5748,72.8,2333.05,none
5749,99.85,1992.55,none
5750,99.5,5890.0,none
5751,70.15,916.75,none
5752,20.25,1029.8,none
5753,26.0,1796.55,zero_monthly
5754,19.9,33.7,none
5755,19.05,454.05,none
5756,96.5,1392.25,none
5757,19.85,1049.6,none
5758,25.7,734.6,none
5759,20.3,475.1,zero_monthly
5760,70.15,70.15,none
5761,91.55,1540.05,overbilled_monthly
5762,39.4,1978.65,none
5763,105.7,3181.8,none
5764,70.25,229.7,none
5765,93.75,5625.55,none
5766,96.55,6581.9,none
5767,60.0,1347.15,none
5768,59.8,3808.2,none
5769,90.65,3974.15,none
5770,109.0,7661.8,none
5771,68.1,2479.25,none
5772,20.4,266.6,none
5773,81.95,5601.4,none
5774,60.55,1982.6,zero_monthly
5775,65.6,339.9,none
5776,82.5,4828.05,none
5777,82.3,5980.55,none
5778,68.15,4808.7,none
5779,20.3,20.3,none
5780,95.55,3692.85,none
5781,20.2,1068.15,none
5782,89.2,2383.6,none
5783,69.65,69.65,none
5784,89.3,89.3,none
5785,74.8,1438.05,none
5786,20.2,917.45,none
5787,84.4,6096.45,none
5788,87.55,3078.1,none
5789,25.15,99.95,none
5790,19.8,475.2,none
5791,50.85,2036.55,none
5792,102.4,6444.05,none
5793,96.3,1426.75,none
5794,55.5,767.55,none
5795,109.75,7932.5,none
5796,106.4,4040.65,none
5797,60.0,2768.65,none
5798,88.8,1672.35,none
5799,85.2,474.8,none
5800,35.1,446.1,none
5801,80.05,1345.65,none
5802,75.55,2425.4,none
5803,49.55,2077.95,none
5804,81.3,416.3,none
5805,23.9,1663.5,none
5806,66.4,1286.05,none
5807,19.6,35.85,none
5808,18.8,1094.35,none
5809,108.4,7719.5,none
5810,85.95,514.6,none
5811,85.45,1451.6,none
5812,80.9,4932.5,none
5813,71.0,71.0,none
5814,111.8,5443.65,none
5815,20.6,330.25,none
5816,85.05,746.5,none
5817,44.6,122.7,none
5818,44.4,44.4,none
5819,105.1,6631.85,none
5820,115.15,8250.0,none
5821,59.8,3561.15,none
5822,26.3,1763.55,none
5823,70.55,2419.0,none
5824,20.05,470.2,none
5825,79.85,5234.95,none
5826,70.3,70.3,none
5827,79.35,79.35,none
5828,90.05,3097.0,none
5829,24.45,1709.1,none
5830,59.95,1848.8,none
5831,25.35,723.3,none
5832,90.8,809.75,none
5833,70.45,1470.95,none
5834,34.3,577.15,none
5835,105.05,6914.95,none
5836,19.3,602.9,none
5837,19.15,124.4,none
5838,51.4,96.8,none
5839,71.85,3827.9,none
5840,75.4,533.05,none
5841,49.7,2961.4,none
5842,45.25,3264.45,none
5843,78.75,995.35,none
5844,81.6,2815.25,none
5845,70.4,154.8,none
5846,75.8,246.3,none
5847,76.1,257.6,none
5848,94.0,5757.2,none
5849,103.95,7517.7,none
5850,19.95,1234.8,none
5851,71.3,1389.2,none
5852,110.8,3836.3,none
5853,69.1,1474.75,none
5854,96.1,6001.45,none
5855,48.8,720.1,none
5856,50.55,2832.75,none
5857,44.65,472.25,none
5858,88.25,1460.65,none
5859,19.45,1336.35,none
5860,89.3,6388.65,none
5861,70.0,153.05,none
5862,19.25,677.9,none
5863,70.5,1165.6,none
5864,97.35,2119.5,none
5865,19.65,921.55,none
5866,20.85,72.0,none
5867,19.65,68.35,none
5868,19.35,847.25,none
5869,44.0,44.0,none
5870,94.4,4295.35,none
5871,25.9,135.0,zero_monthly
5872,55.65,1400.55,none
5873,69.65,69.65,none
5874,75.4,1380.4,none
5875,100.6,1060.2,none
5876,71.0,4386.2,none
5877,86.0,86.0,none
5878,106.95,5785.5,none
5879,21.2,52.05,none
5880,61.05,2018.4,none
5881,29.6,79.45,none
5882,79.95,2727.3,none
5883,19.7,263.65,none
5884,20.3,275.4,none
5885,59.9,2816.65,none
5886,24.35,538.5,none
5887,19.75,948.9,none
5888,50.3,846.8,none
5889,95.6,4783.5,none
5890,50.25,2997.45,none
5891,85.35,5897.4,none
5892,41.6,470.6,none
5893,51.65,524.5,none
5894,24.0,269.65,none
5895,100.85,4740.0,none
5896,59.85,2341.5,overbilled_monthly
5897,25.45,1789.65,none
5898,23.9,1626.4,none
5899,24.15,800.3,none
5900,75.7,5060.85,none
5901,40.2,1448.8,none
5902,84.5,4254.85,none
5903,50.85,466.6,none
5904,91.6,4627.8,none
5905,98.9,6838.6,none
5906,85.0,85.0,none
5907,78.95,1101.85,none
5908,44.3,44.3,none
5909,20.2,20.2,none
5910,80.2,4297.6,none
5911,60.9,414.1,none
5912,34.2,256.6,none
5913,85.2,3969.35,none
5914,87.15,2274.1,none
5915,54.3,1296.8,none
5916,19.1,1268.85,none
5917,112.75,8192.6,none
5918,19.95,59.25,none
5919,19.5,1147.85,none
5920,65.55,4361.55,none
5921,78.8,2006.1,none
5922,78.2,2078.95,none
5923,105.25,7609.75,none
5924,89.25,487.05,none
5925,20.65,1218.45,none
5926,68.7,1416.2,none
5927,78.65,483.3,none
5928,24.75,1234.6,none
5929,19.75,1311.6,none
5930,89.1,5618.3,none
5931,84.7,6185.15,none
5932,98.0,1237.85,none
5933,94.45,498.1,none
5934,105.0,294.45,none
5935,93.85,2381.55,none
5936,59.9,788.35,none
5937,19.95,756.4,none
5938,84.0,613.4,none
5939,108.9,3625.2,none
5940,33.6,550.35,none
5941,85.85,4793.8,none
5942,34.85,1267.2,none
5943,48.75,442.2,none
5944,84.85,84.85,none
5945,56.65,654.85,none
5946,95.3,5567.45,none
5947,73.9,3160.55,none
5948,24.5,740.3,none
5949,84.6,5706.2,zero_monthly
5950,44.95,3085.35,none
5951,24.7,24.7,none
5952,100.3,3541.4,none
5953,25.45,84.2,none
5954,50.7,50.7,none
5955,55.0,1165.55,total_decimal_shift
5956,68.4,4855.35,none
5957,89.9,2806.9,none
5958,78.55,1422.65,none
5959,55.05,608.15,none
5960,19.8,641.35,none
5961,84.45,4959.15,none
5962,35.9,35.9,none
5963,80.75,1321.3,none
5964,78.65,1663.75,none
5965,61.75,3024.15,none
5966,63.7,2188.5,none
5967,99.45,4138.05,none
5968,25.2,102.5,none
5969,74.05,872.65,none
5970,87.6,2724.25,none
5971,89.15,413.25,none
5972,20.0,1374.2,none
5973,55.0,757.1,none
5974,104.4,6692.65,none
5975,20.05,218.5,total_missing
5976,89.75,608.8,none
5977,34.3,1004.75,none
5978,20.65,1125.6,none
5979,84.25,3847.6,none
5980,19.65,978.0,none
5981,79.85,1387.35,none
5982,20.2,746.05,none
5983,19.8,304.6,none
5984,50.35,1098.85,none
5985,85.15,1139.2,none
5986,74.6,4368.95,none
5987,79.15,827.7,none
5988,20.35,20.35,none
5989,21.05,262.05,none
5990,94.6,279.55,none
5991,94.7,3512.5,none
5992,94.25,1483.25,none
5993,72.45,4653.85,none
5994,74.95,151.75,none
5995,105.2,4400.75,none
5996,111.95,8033.1,none
5997,19.85,1253.65,none
5998,89.75,552.65,none
5999,20.05,1036.0,none
6000,108.95,4025.5,none
6001,19.65,928.4,none
6002,24.9,24.9,none
6003,82.85,460.25,none
6004,93.2,6506.15,none
6005,84.8,5598.3,none
6006,71.75,4374.55,none
6007,30.35,678.75,none
6008,54.85,2191.7,none
6009,19.5,239.75,none
6010,103.85,5485.5,none
6011,24.2,609.05,none
6012,19.35,683.75,none
6013,83.6,404.2,none
6014,100.65,5189.75,none
6015,94.1,5060.9,none
6016,74.55,233.65,none
6017,108.45,7176.55,none
6018,56.15,291.45,none
6019,20.35,689.75,none
6020,80.55,3263.9,none
6021,61.25,1993.2,none
6022,20.45,254.5,none
6023,18.9,347.65,none
6024,19.6,967.9,none
6025,91.5,242.95,none
6026,45.2,1841.9,none
6027,19.45,232.1,none
6028,25.45,809.25,none
6029,80.85,866.45,none
6030,94.9,360.55,none
6031,49.05,2076.2,none
6032,29.3,355.9,none
6033,105.3,7299.65,none
6034,88.95,2291.2,none
6035,20.25,129.15,none
6036,110.85,7491.75,none
6037,110.5,5835.5,none
6038,109.4,7031.45,none
6039,114.2,7723.9,none
6040,36.5,1032.0,none
6041,70.75,70.75,none
6042,19.95,109.6,none
6043,19.6,727.8,none
6044,40.15,130.75,none
6045,76.6,893.0,none
6046,19.6,763.1,none
6047,85.3,781.4,none
6048,65.85,902.25,none
6049,94.45,2653.65,none
6050,20.05,1016.7,none
6051,99.4,5943.65,none
6052,20.0,275.7,none
6053,78.45,3126.45,none
6054,25.1,1070.15,none
6055,97.35,3457.9,none
6056,55.0,340.4,none
6057,71.1,4299.2,none
6058,61.55,1093.2,none
6059,45.9,521.9,none
6060,40.3,1630.4,none
6061,87.1,713.6,none
6062,49.5,1265.65,none
6063,73.8,4003.85,none
6064,19.2,1401.4,none
6065,45.3,45.3,none
6066,25.0,1510.5,none
6067,94.95,178.1,none
6068,35.3,264.8,none
6069,44.55,480.6,none
6070,76.75,4541.9,none
6071,81.0,4976.15,none
6072,105.55,7542.25,none
6073,18.8,251.25,none
6074,24.9,1595.5,none
6075,23.45,23.45,none
6076,64.9,685.55,none
6077,61.35,3874.1,none
6078,113.95,6891.4,none
6079,90.15,4916.95,none
6080,54.1,1373.0,none
6081,29.7,29.7,none
6082,49.8,49.8,none
6083,101.1,6039.9,none
6084,24.4,1548.65,none
6085,95.0,3440.25,none
6086,50.65,151.3,none
6087,69.9,4226.7,none
6088,39.95,1023.75,none
6089,55.4,55.4,none
6090,90.6,90.6,none
6091,103.25,7074.4,none
6092,86.85,156.35,none
6093,94.25,6849.75,none
6094,47.05,3263.6,none
6095,20.55,1252.85,none
6096,19.65,67.55,none
6097,70.2,70.2,none
6098,81.0,5750.0,none
6099,75.9,1549.75,none
6100,24.7,1810.55,none
6101,99.05,2952.85,none
6102,110.25,7467.55,none
6103,85.0,5484.4,none
6104,19.75,294.9,none
6105,23.9,97.5,none
6106,111.25,5916.45,none
6107,55.1,113.35,none
6108,19.95,19.95,none
6109,25.15,476.8,none
6110,54.15,101.65,none
6111,59.8,1130.85,none
6112,83.85,3532.25,none
6113,104.9,6891.45,none
6114,75.3,1570.7,none
6115,66.65,520.95,none
6116,109.5,7854.9,none
6117,73.85,3581.4,none
6118,19.3,1447.9,none
6119,118.2,8547.15,none
6120,51.45,727.85,none
6121,59.45,357.6,none
6122,19.5,159.35,none
6123,19.55,280.85,none
6124,93.55,6069.25,none
6125,59.3,3274.35,none
6126,102.25,1359.0,none
6127,95.9,1777.9,none
6128,109.8,6109.65,none
6129,78.1,1122.4,none
6130,39.9,2020.9,none
6131,64.9,3795.45,none
6132,95.05,4504.55,none
6133,53.4,3579.15,none
6134,24.9,49.7,none
6135,44.7,276.5,none
6136,114.0,8175.9,none
6137,20.25,890.35,none
6138,53.85,259.8,none
6139,83.85,5588.8,none
6140,20.2,50.6,none
6141,19.95,58.0,none
6142,104.2,5568.35,none
6143,50.25,2203.65,none
6144,20.35,938.95,total_decimal_shift
6145,90.0,2024.1,none
6146,54.2,3623.95,none
6147,99.5,2369.05,none
6148,99.1,3877.95,none
6149,66.9,4577.9,none
6150,25.85,25.85,none
6151,91.05,2871.5,none
6152,71.0,672.55,none
6153,93.2,1573.7,none
6154,20.95,1270.55,none
6155,109.2,7711.45,none
6156,19.35,126.05,none
6157,85.8,2193.65,none
6158,19.85,64.55,none
6159,19.65,31.2,none
6160,20.5,38.25,none
6161,89.65,3348.1,none
6162,74.35,533.6,none
6163,49.45,2907.55,none
6164,89.1,1620.8,none
6165,75.15,3480.35,none
6166,70.65,293.85,none
6167,104.2,3243.45,none
6168,90.05,4137.2,none
6169,79.25,79.25,none
6170,44.9,44.9,none
6171,19.4,19.4,none
6172,88.75,5348.65,none
6173,70.1,659.65,none
6174,91.0,3180.5,none
6175,29.65,118.5,none
6176,90.8,3023.85,none
6177,77.85,3365.85,none
6178,54.3,195.3,none
6179,18.95,1031.1,none
6180,95.15,997.65,none
6181,102.4,6471.85,none
6182,99.9,6241.35,none
6183,88.7,6501.35,none
6184,54.3,2317.1,none
6185,55.7,2237.55,none
6186,103.95,5231.3,none
6187,110.85,5275.8,none
6188,20.15,165.5,none
6189,20.05,358.5,none
6190,91.95,6614.9,none
6191,80.5,80.5,none
6192,55.65,2421.75,none
6193,74.7,1294.6,none
6194,104.15,1299.1,none
6195,83.65,5733.4,none
6196,72.2,305.55,none
6197,110.05,7430.75,none
6198,51.5,900.5,none
6199,25.5,630.6,none
6200,89.55,3856.75,none
6201,19.5,1222.65,none
6202,80.7,374.8,none
6203,77.5,1625.0,none
6204,105.1,7234.8,none
6205,25.15,331.85,none
6206,95.25,3959.35,none
6207,95.65,5088.4,none
6208,85.0,3969.4,none
6209,80.8,4860.85,none
6210,24.85,788.05,none
6211,54.75,1266.35,none
6212,85.75,470.95,none
6213,50.75,688.2,none
6214,20.15,387.7,none
6215,20.05,845.25,none
6216,98.25,560.6,none
6217,71.6,4230.25,none
6218,81.45,4983.05,none
6219,58.4,4113.15,none
6220,25.7,25.7,none
6221,53.7,521.0,total_decimal_shift
6222,19.6,471.85,none
6223,89.4,5976.9,none
6224,69.0,506.9,none
6225,84.2,4299.75,none
6226,106.1,7548.6,none
6227,25.75,1654.75,none
6228,46.05,80.35,none
6229,64.95,4551.5,none
6230,85.45,6227.5,none
6231,20.05,20.05,none
6232,76.4,76.4,none
6233,100.5,514.0,none
6234,20.7,57.5,none
6235,25.3,1474.35,none
6236,40.05,880.2,none
6237,100.6,3270.25,none
6238,69.95,69.95,none
6239,74.0,3919.15,none
6240,99.4,7285.7,none
6241,93.3,93.3,none
6242,49.15,169.05,none
6243,107.45,7658.3,none
6244,83.6,5959.3,none
6245,99.05,5295.7,none
6246,80.1,4693.2,none
6247,65.3,3512.9,total_missing
6248,89.55,5231.2,none
6249,60.8,3603.45,none
6250,74.5,217.45,none
6251,99.15,6875.35,none
6252,19.25,19.25,none
6253,39.45,2021.35,none
6254,44.85,2564.95,none
6255,97.2,5611.75,none
6256,110.55,7610.1,none
6257,35.05,35.05,none
6258,73.0,73.0,none
6259,19.9,45.75,none
6260,76.95,4543.95,none
6261,35.4,450.4,none
6262,20.45,1297.35,none
6263,96.75,4442.75,none
6264,54.2,1423.15,none
6265,100.1,4378.35,none
6266,45.25,74.2,none
6267,83.85,2716.3,none
6268,70.1,70.1,none
6269,20.85,450.65,none
6270,33.45,1175.85,none
6271,20.2,558.8,none
6272,85.9,2220.1,none
6273,61.0,3283.05,none
6274,70.65,142.35,none
6275,86.9,4939.25,none
6276,69.4,4237.5,none
6277,20.35,335.95,none
6278,20.35,33.2,none
6279,104.3,7188.5,none
6280,44.95,926.25,none
6281,49.45,1119.35,none
6282,20.6,116.6,none
6283,19.55,68.8,none
6284,99.0,287.4,none
6285,93.5,2341.55,none
6286,54.55,1362.85,none
6287,20.05,163.6,none
6288,83.95,2254.2,none
6289,79.45,145.15,none
6290,116.2,7752.3,none
6291,93.7,6585.35,none
6292,79.85,4786.1,none
6293,100.0,3835.55,none
6294,19.6,397.0,none
6295,19.7,19.7,none
6296,20.2,1027.25,none
6297,50.4,1580.1,none
6298,113.35,7222.75,none
6299,80.0,3769.7,none
6300,80.95,4233.95,none
6301,24.9,1680.25,none
6302,54.9,3725.5,none
6303,75.55,413.65,none
6304,109.25,7707.7,none
6305,77.65,714.15,none
6306,95.0,2497.2,none
6307,116.3,8309.55,none
6308,19.9,601.55,none
6309,70.35,139.25,none
6310,25.6,1888.25,none
6311,44.45,2773.9,none
6312,100.15,5409.75,none
6313,105.4,5643.4,none
6314,95.85,197.7,zero_monthly
6315,73.85,401.3,none
6316,70.1,3238.4,none
6317,25.25,1573.05,none
6318,79.15,79.15,none
6319,21.05,235.8,none
6320,24.95,1364.75,none
6321,64.5,1985.15,none
6322,19.65,655.85,none
6323,79.0,303.15,none
6324,105.95,4335.2,none
6325,75.85,647.5,none
6326,91.85,1574.45,none
6327,43.6,2748.7,none
6328,91.25,2483.65,none
6329,89.75,6367.2,none
6330,104.4,4904.2,none
6331,90.15,2044.95,none
6332,40.3,1794.8,none
6333,105.25,7173.15,none
6334,106.0,6441.4,none
6335,104.0,7039.05,none
6336,69.65,921.4,none
6337,74.3,4018.35,none
6338,100.9,5448.6,none
6339,20.25,20.25,none
6340,49.9,49.9,none
6341,96.9,2085.45,none
6342,100.35,1358.85,none
6343,104.1,5135.15,none
6344,20.1,730.1,none
6345,74.95,2869.85,none
6346,56.55,118.25,none
6347,49.25,49.25,none
6348,68.6,1108.6,none
6349,69.05,1815.65,none
6350,19.7,730.4,none
6351,20.05,75.45,none
6352,103.7,5071.05,none
6353,94.4,4014.6,zero_monthly
6354,54.95,568.85,none
6355,93.7,5860.7,none
6356,110.25,7279.35,none
6357,98.9,1064.95,none
6358,89.75,5769.6,none
6359,80.45,5886.85,none
6360,79.4,4238.45,none
6361,20.3,20.3,none
6362,62.8,418.3,none
6363,74.9,136.05,none
6364,74.85,708.2,none
6365,25.85,788.55,none
6366,101.95,700.85,none
6367,68.3,4378.8,none
6368,48.4,3442.8,none
6369,94.0,181.7,none
6370,105.05,7171.7,none
6371,89.3,4016.85,none
6372,25.15,553.0,none
6373,19.5,96.85,none
6374,92.95,4122.9,none
6375,20.7,1482.3,none
6376,74.3,74.3,none
6377,19.35,1240.8,none
6378,44.65,44.65,none
6379,84.05,1095.3,none
6380,80.7,788.8,none
6381,104.35,6578.55,none
6382,19.55,19.55,none
6383,74.05,2802.3,none
6384,40.1,857.75,none
6385,20.1,184.4,none
6386,101.7,364.55,none
6387,83.55,6093.3,none
6388,56.85,1861.1,none
6389,20.4,20.4,none
6390,19.55,1079.65,none
6391,106.15,7475.1,none
6392,78.95,2862.55,none
6393,49.75,3069.45,none
6394,92.4,2349.8,none
6395,58.2,469.25,none
6396,102.6,4213.35,none
6397,91.95,3301.05,none
6398,65.25,3529.95,none
6399,106.0,7723.7,none
6400,73.1,4144.9,none
6401,59.75,4265.0,none
6402,55.1,154.65,none
6403,59.8,3246.45,none
6404,116.6,8337.45,none
6405,109.3,5731.4,none
6406,101.4,6176.6,none
6407,50.65,1905.4,none
6408,56.15,931.9,none
6409,106.5,7348.8,total_missing
6410,19.2,776.25,none
6411,83.0,5243.05,none
6412,70.1,141.65,none
6413,108.3,7679.65,none
6414,91.05,2954.5,none
6415,25.25,1006.9,none
6416,45.35,2540.1,none
6417,43.9,3097.2,none
6418,77.5,3807.35,none
6419,79.3,2484.0,none
6420,84.9,5785.65,none
6421,79.25,2619.15,none
6422,71.05,1524.85,none
6423,53.75,2790.65,none
6424,24.25,1784.5,none
6425,54.2,3937.45,none
6426,44.25,2276.1,none
6427,50.05,2029.05,none
6428,20.15,802.35,none
6429,69.25,418.4,none
6430,69.35,4653.25,none
6431,19.35,275.9,none
6432,19.15,343.45,none
6433,61.0,2130.45,none
6434,20.5,1191.4,none
6435,50.5,50.5,none
6436,50.2,2554.0,none
6437,79.6,5589.45,none
6438,24.9,467.7,none
6439,74.4,74.4,none
6440,106.9,3756.45,none
6441,101.35,3334.9,none
6442,55.35,920.5,none
6443,50.55,3431.75,none
6444,19.5,150.35,none
6445,79.45,2587.7,none
6446,90.65,367.95,none
6447,89.85,5125.75,none
6448,79.0,4801.1,none
6449,104.65,6219.6,none
6450,19.55,19.55,none
6451,19.9,550.1,none
6452,116.25,7862.25,none
6453,87.75,1242.2,none
6454,100.05,4871.05,none
6455,81.3,3190.65,none
6456,44.3,2666.75,none
6457,70.35,3533.6,none
6458,44.45,792.15,none
6459,49.15,295.65,none
6460,29.45,1459.35,none
6461,100.55,4398.15,none
6462,85.3,4297.95,none
6463,95.65,167.3,none
6464,69.1,4096.9,none
6465,70.35,3454.6,none
6466,20.6,1286.0,none
6467,74.15,1387.0,none
6468,75.05,786.3,none
6469,44.6,641.25,none
6470,21.45,705.45,none
6471,43.45,345.5,none
6472,20.05,345.9,none
6473,94.15,5811.8,none
6474,94.4,94.4,none
6475,19.55,124.45,none
6476,75.9,1375.6,none
6477,64.15,3491.55,none
6478,109.55,7920.7,none
6479,110.8,6640.7,none
6480,55.0,55.0,none
6481,53.45,718.1,none
6482,69.95,320.4,none
6483,101.45,101.45,none
6484,97.0,1334.45,none
6485,90.6,3358.65,none
6486,73.55,4764.0,none
6487,67.95,350.3,none
6488,94.35,5703.0,none
6489,69.5,69.5,none
6490,18.85,18.85,none
6491,19.4,525.55,none
6492,69.2,69.2,none
6493,19.75,483.15,none
6494,54.6,934.8,none
6495,29.8,786.5,none
6496,69.65,69.65,none
6497,101.85,4086.3,none
6498,103.05,5364.8,none
6499,82.3,82.3,overbilled_monthly
6500,20.3,20.3,none
6501,35.1,770.4,none
6502,105.7,6816.95,none
6503,56.25,2419.55,none
6504,60.35,4138.7,none
6505,79.25,267.6,none
6506,59.8,3457.45,none
6507,84.6,1115.2,none
6508,93.4,5435.6,none
6509,94.2,4186.3,none
6510,25.05,25.05,none
6511,99.65,4630.2,none
6512,50.65,3221.25,none
6513,60.9,688.5,none
6514,59.65,867.1,none
6515,64.7,4746.05,none
6516,25.1,712.85,none
6517,48.95,48.95,none
6518,54.85,355.1,none
6519,45.3,45.3,none
6520,91.35,5764.7,none
6521,85.85,167.3,none
6522,25.1,428.45,none
6523,34.0,1505.35,none
6524,45.9,693.45,none
6525,95.2,930.4,none
6526,20.5,1177.95,none
6527,100.6,5069.65,none
6528,55.3,324.25,none
6529,20.35,1458.1,none
6530,74.85,156.4,none
6531,36.1,2298.9,none
6532,65.8,1679.65,none
6533,20.35,369.6,none
6534,105.8,2998.0,none
6535,96.75,5206.55,none
6536,102.35,3626.1,none
6537,24.4,24.4,none
6538,115.65,7968.85,none
6539,79.85,152.45,none
6540,73.05,1959.5,none
6541,64.35,2053.05,none
6542,20.5,398.55,none
6543,76.0,1130.85,none
6544,54.75,3425.35,none
6545,104.75,4323.45,none
6546,74.65,703.55,none
6547,51.15,1275.7,none
6548,41.95,2965.75,none
6549,54.35,1647.0,none
6550,56.25,56.25,none
6551,106.1,2249.95,none
6552,96.0,6109.75,none
6553,79.75,159.4,none
6554,61.45,3751.15,none
6555,68.65,68.65,none
6556,19.65,411.25,none
6557,19.0,105.5,none
6558,100.0,3320.6,none
6559,20.25,327.45,none
6560,98.7,5669.5,none
6561,19.8,465.45,none
6562,73.8,704.3,none
6563,100.2,1369.8,none
6564,74.9,1107.25,none
6565,20.05,95.55,none
6566,106.2,6375.2,none
6567,116.55,8152.3,none
6568,99.7,1566.75,none
6569,19.7,130.25,none
6570,19.5,162.15,none
6571,29.15,110.05,none
6572,55.0,1885.15,none
6573,90.8,6302.85,none
6574,51.0,2264.5,none
6575,90.1,816.8,none
6576,59.05,1253.5,none
6577,20.3,41.2,none
6578,72.95,5265.55,zero_monthly
6579,73.55,693.3,none
6580,84.3,5997.1,none
6581,78.0,3824.2,none
6582,72.1,3886.05,none
6583,106.75,7283.25,none
6584,19.25,412.55,none
6585,20.55,1070.25,none
6586,20.0,817.95,none
6587,24.65,1171.3,none
6588,103.5,6548.65,none
6589,23.85,625.65,none
6590,25.8,1911.5,none
6591,70.85,70.85,none
6592,69.8,134.7,none
6593,59.45,1507.0,none
6594,54.55,2978.3,none
6595,20.05,299.3,none
6596,82.55,5832.65,none
6597,81.25,5567.55,none
6598,70.75,450.8,none
6599,74.3,4166.35,none
6600,94.1,1215.6,none
6601,29.7,91.7,none
6602,109.7,7898.45,none
6603,96.35,3915.4,none
6604,66.6,979.5,none
6605,44.5,90.05,none
6606,110.9,7432.05,none
6607,105.0,4026.4,none
6608,25.3,25.3,none
6609,55.15,1193.05,none
6610,20.1,20.1,none
6611,80.1,398.55,none
6612,69.05,1958.45,none
6613,69.9,69.9,none
6614,20.4,63.15,none
6615,19.7,1301.1,none
6616,50.1,484.05,none
6617,101.4,4528.0,none
6618,83.45,3887.85,none
6619,86.65,2208.75,none
6620,20.15,238.15,none
6621,80.8,80.8,none
6622,19.4,958.15,none
6623,62.05,118.3,none
6624,76.45,76.45,none
6625,60.05,3845.45,none
6626,91.3,1094.5,none
6627,95.75,573.75,none
6628,20.35,1267.0,none
6629,94.05,633.45,none
6630,84.1,6129.65,none
6631,78.75,1218.25,none
6632,55.55,1405.3,none
6633,62.65,2274.9,none
6634,74.5,74.5,none
6635,102.1,1068.85,none
6636,20.1,533.9,none
6637,70.3,676.15,none
6638,53.65,3804.4,none
6639,20.75,1118.8,none
6640,103.4,5236.4,none
6641,50.8,1386.8,none
6642,50.15,762.25,none
6643,79.0,1902.0,none
6644,74.6,239.05,none
6645,96.5,5673.7,none
6646,20.1,39.8,none
6647,19.4,997.75,none
6648,77.55,5574.35,none
6649,20.05,406.05,none
6650,19.85,138.85,none
6651,20.2,123.65,none
6652,67.45,1801.1,none
6653,18.55,689.0,none
6654,29.75,790.7,none
6655,86.5,582.5,none
6656,24.2,1618.2,none
6657,23.55,1173.35,none
6658,20.45,900.9,none
6659,81.45,2122.05,none
6660,92.3,6719.9,none
6661,69.15,69.15,none
6662,53.65,3784.0,none
6663,39.65,1798.65,none
6664,54.65,54.65,none
6665,104.8,3886.45,none
6666,29.3,1224.05,none
6667,83.85,2310.2,none
6668,79.55,723.4,none
6669,103.65,3988.5,none
6670,99.05,3554.6,none
6671,73.35,0.0,none
6672,100.05,6034.85,total_missing
6673,20.35,531.6,none
6674,43.95,85.1,none
6675,23.5,173.0,none
6676,70.7,2511.95,zero_monthly
6677,94.3,3893.6,total_decimal_shift
6678,29.15,357.15,none
6679,20.85,467.5,none
6680,37.7,2288.7,none
6681,95.5,4627.85,none
6682,91.05,289.1,none
6683,92.45,6460.55,none
6684,44.15,1931.3,none
6685,36.05,402.6,none
6686,50.25,2221.55,none
6687,109.75,7758.9,none
6688,79.2,172.85,none
6689,20.3,224.5,none
6690,112.35,7388.45,none
6691,94.3,3460.95,none
6692,41.15,1700.9,none
6693,74.65,3090.65,none
6694,48.25,1293.8,none
6695,76.15,645.8,none
6696,71.1,5224.95,none
6697,96.55,500.1,none
6698,79.3,2427.1,none
6699,89.6,3488.15,none
6700,20.5,1035.7,none
6701,106.3,7565.35,none
6702,100.35,2799.0,none
6703,85.6,1601.5,none
6704,45.25,85.5,none
6705,106.15,6256.2,none
6706,51.1,1232.9,none
6707,19.9,19.9,none
6708,25.7,1937.4,none
6709,74.3,1096.25,none
6710,99.4,5059.75,none
6711,69.7,3023.65,none
6712,98.35,4889.2,none
6713,85.45,2289.9,none
6714,95.9,6503.2,none
6715,100.75,1313.25,none
6716,89.2,990.3,none
6717,74.1,228.0,none
6718,100.6,5746.15,none
6719,75.0,209.1,none
6720,25.75,1864.2,none
6721,84.1,5979.7,none
6722,79.3,3902.45,none
6723,107.05,7142.5,none
6724,20.05,902.0,none
6725,70.2,4481.0,none
6726,19.5,805.2,none
6727,70.75,154.85,none
6728,45.3,528.45,none
6729,115.15,8349.7,none
6730,72.95,4953.25,none
6731,19.65,332.65,none
6732,19.55,470.2,none
6733,89.55,2259.35,none
6734,50.35,1411.35,none
6735,50.25,593.75,none
6736,87.25,6328.7,none
6737,20.8,1411.9,none
6738,109.25,6841.4,none
6739,20.35,20.35,none
6740,55.9,238.5,none
6741,79.2,3233.85,none
6742,96.0,1062.1,none
6743,79.2,4016.3,none
6744,24.0,226.55,total_decimal_shift
6745,101.35,7110.75,none
6746,100.1,5440.9,none
6747,56.5,235.1,none
6748,35.45,1958.95,none
6749,85.0,85.0,none
6750,79.4,5528.9,none
6751,35.2,1463.7,none
6752,19.65,1025.05,none
6753,49.85,552.1,none
6754,68.75,3815.4,none
6755,61.9,0.0,none
6756,79.9,3313.4,none
6757,89.75,1938.9,none
6758,59.3,3014.65,none
6759,19.4,460.25,none
6760,93.65,4839.15,none
6761,49.4,184.4,none
6762,19.9,19.9,none
6763,55.0,2010.55,none
6764,72.9,5139.65,none
6765,69.2,69.2,total_decimal_shift
6766,25.6,1673.4,none
6767,19.75,309.35,none
6768,55.7,3171.6,none
6769,117.5,8670.1,none
6770,19.85,916.0,none
6771,78.9,299.75,none
6772,20.65,702.05,none
6773,62.3,2354.8,none
6774,92.5,3473.4,none
6775,19.65,19.65,none
6776,79.75,4438.2,none
6777,79.95,4819.75,none
6778,29.9,92.25,none
6779,19.75,1567.0,none
6780,45.0,1242.45,none
6781,44.8,559.2,none
6782,69.65,220.1,none
6783,51.1,531.15,none
6784,53.15,1183.2,none
6785,24.7,465.85,none
6786,111.6,6876.05,none
6787,48.55,501.0,none
6788,109.95,3782.4,none
6789,20.8,460.2,none
6790,20.2,20.2,none
6791,25.6,1790.35,none
6792,39.65,733.35,none
6793,24.9,1334.0,none
6794,108.4,7767.25,none
6795,19.55,876.15,none
6796,85.1,4600.95,none
6797,56.7,113.55,none
6798,69.05,1793.25,none
6799,70.15,886.7,none
6800,111.15,7737.55,none
6801,105.95,1348.9,none
6802,89.35,1686.85,none
6803,89.1,1879.25,none
6804,91.25,4013.8,none
6805,90.35,434.5,none
6806,105.55,7195.35,none
6807,19.1,780.1,none
6808,20.4,107.6,none
6809,100.45,3801.7,none
6810,74.95,308.7,none
6811,29.7,438.25,none
6812,50.35,50.35,none
6813,85.7,3778.1,none
6814,47.85,3147.5,none
6815,94.0,5438.95,none
6816,69.85,5102.35,none
6817,70.3,70.3,none
6818,25.85,1872.2,none
6819,71.1,213.35,none
6820,98.8,5617.75,none
6821,93.35,5386.5,none
6822,99.85,1776.95,none
6823,80.3,2483.05,none
6824,50.55,235.65,zero_monthly
6825,80.45,5224.35,none
6826,81.3,2272.8,none
6827,20.7,83.75,none
6828,79.05,4663.4,none
6829,19.05,201.7,none
6830,19.6,125.0,none
6831,20.2,684.4,none
6832,86.8,620.35,none
6833,20.9,1146.05,none
6834,103.6,1806.35,none
6835,38.8,603.0,none
6836,88.4,5798.3,none
6837,84.2,519.15,none
6838,79.7,497.6,none
6839,99.0,1301.7,none
6840,100.75,1129.75,none
6841,19.3,19.3,none
6842,55.75,266.95,none
6843,19.95,257.0,none
6844,91.75,865.8,none
6845,89.65,2623.65,none
6846,45.85,45.85,none
6847,79.55,79.55,none
6848,55.95,1082.8,none
6849,69.0,147.8,none
6850,83.55,2570.2,none
6851,65.7,4378.9,none
6852,94.9,3616.25,none
6853,61.9,2924.05,none
6854,111.1,6014.85,none
6855,20.0,32.7,none
6856,67.7,2882.25,none
6857,25.15,1509.9,none
6858,92.85,5305.05,none
6859,89.1,2368.4,none
6860,111.3,7985.9,none
6861,101.9,3545.35,none
6862,91.65,1301.0,none
6863,88.85,372.45,none
6864,60.6,2985.25,none
6865,25.3,77.75,none
6866,65.5,564.35,none
6867,95.45,95.45,none
6868,19.95,1311.75,none
6869,91.1,1135.7,none
6870,54.15,2319.8,none
6871,74.6,3720.35,none
6872,94.6,5025.8,none
6873,81.15,5224.5,none
6874,89.05,6185.8,overbilled_monthly
6875,49.2,1498.55,none
6876,19.45,1208.6,none
6877,104.3,6613.65,none
6878,69.7,69.7,none
6879,89.5,573.3,none
6880,86.05,1818.9,none
6881,25.2,1787.35,none
6882,35.15,1051.05,none
6883,99.65,7181.25,none
6884,105.35,3688.6,none
6885,35.15,99.75,none
6886,73.75,871.4,none
6887,101.35,780.5,none
6888,24.3,821.6,none
6889,80.7,239.45,none
6890,89.85,244.45,none
6891,61.1,3357.9,none
6892,29.05,129.6,none
6893,99.7,4977.2,none
6894,55.9,365.35,none
6895,105.9,334.65,none
6896,46.0,2424.05,none
6897,43.95,43.95,none
6898,80.4,4981.15,none
6899,100.05,2090.25,none
6900,45.1,45.1,none
6901,94.0,4905.75,none
6902,68.95,2038.7,none
6903,68.45,4014.0,none
6904,69.0,2441.7,none
6905,43.85,2751.0,none
6906,44.5,1307.8,none
6907,18.7,383.65,none
6908,70.25,2868.05,none
6909,55.35,449.75,none
6910,53.55,53.55,none
6911,114.6,7882.5,none
6912,20.1,1087.7,none
6913,85.5,791.7,none
6914,108.75,7493.05,none
6915,103.0,4414.3,none
6916,97.85,6841.3,none
6917,19.55,819.95,none
6918,84.05,6052.25,none
6919,103.75,3361.05,none
6920,89.4,4869.5,none
6921,19.7,509.3,none
6922,79.85,4308.25,none
6923,74.45,221.1,none
6924,74.1,3833.95,none
6925,69.35,69.35,none
6926,18.8,294.95,overbilled_monthly
6927,73.85,4092.85,none
6928,64.4,316.9,none
6929,55.8,2651.2,none
6930,20.05,471.7,none
6931,75.15,216.75,none
6932,99.15,5720.95,none
6933,56.75,503.25,none
6934,69.6,69.6,none
6935,104.15,7365.3,none
6936,110.8,7245.9,none
6937,80.15,385.0,none
6938,35.75,961.4,none
6939,69.9,4615.9,none
6940,89.2,3251.3,none
6941,55.65,3880.05,none
6942,50.7,3088.75,none
6943,20.0,1396.0,none
6944,30.5,30.5,none
6945,19.1,53.05,none
6946,98.3,6859.5,none
6947,45.55,2108.35,none
6948,101.05,6770.5,none
6949,103.7,4730.6,none
6950,36.25,1151.05,none
6951,49.4,232.55,none
6952,19.9,1022.6,none
6953,107.4,5121.3,none
6954,82.0,1127.2,none
6955,19.8,309.4,none
6956,45.05,523.1,none
6957,64.55,4250.1,none
6958,86.25,770.5,none
6959,19.75,246.7,none
6960,89.1,3342.0,none
6961,95.55,3930.6,none
6962,75.4,1747.85,none
6963,101.25,2754.45,none
6964,102.6,897.75,none
6965,56.3,2780.6,none
6966,94.2,5895.45,total_missing
6967,43.05,2208.05,none
6968,89.5,2196.15,none
6969,74.4,1692.6,none
6970,20.5,20.5,none
6971,74.35,265.35,none
6972,99.75,1836.25,none
6973,111.95,6418.9,none
6974,94.0,4871.45,none
6975,98.85,4947.55,none
6976,64.35,1558.65,none
6977,72.0,4284.2,none
6978,49.7,1218.25,none
6979,80.7,5617.95,none
6980,24.2,24.2,none
6981,39.0,679.85,none
6982,65.45,554.45,none
6983,74.35,5237.4,none
6984,83.2,2032.3,none
6985,25.0,789.2,none
6986,40.2,1525.35,none
6987,94.1,2804.45,none
6988,108.35,3726.15,none
6989,69.5,1652.1,none
6990,76.0,1588.75,none
6991,93.6,3366.05,none
6992,95.65,778.1,none
6993,100.55,7113.75,none
6994,88.05,4367.35,none
6995,24.45,993.15,none
6996,89.55,5012.35,none
6997,66.5,2728.6,none
6998,76.1,2093.4,none
6999,80.5,1011.8,none
7000,35.45,106.85,none
7001,20.55,1343.4,none
7002,49.9,130.1,none
7003,105.4,6794.75,none
7004,35.75,1022.5,total_missing
7005,95.1,3691.2,none
7006,19.3,486.2,none
7007,104.5,4036.85,none
7008,63.1,4685.55,none
7009,75.05,256.25,none
7010,81.0,1917.1,none
7011,74.45,74.45,none
7012,60.4,272.15,none
7013,84.95,5150.55,none
7014,93.4,3756.4,none
7015,89.2,3645.75,none
7016,85.2,2874.45,none
7017,49.95,49.95,none
7018,20.65,1020.75,none
7019,70.65,70.65,none
7020,20.15,826.0,none
7021,19.2,239.0,none
7022,59.8,727.8,none
7023,104.95,7544.3,none
7024,103.5,6479.4,none
7025,84.8,3626.35,none
7026,95.05,1679.4,none
7027,44.2,403.35,none
7028,73.35,931.55,none
7029,64.1,4326.25,none
7030,44.4,263.05,none
7031,20.05,39.25,none
7032,60.0,3316.1,none
7033,75.75,75.75,none
7034,69.5,2625.25,none
7035,102.95,6886.25,none
7036,78.7,1495.1,none
7037,60.65,743.3,none
7038,21.15,1419.4,none
7039,84.8,1990.5,none
7040,103.2,7362.9,none
7041,29.6,346.45,none
7042,74.4,306.6,none
7043,105.65,6844.5,none
7044,34.65,246.6,duplicate_record
7045,18.8,56.0,duplicate_record
7046,20.5,79.05,duplicate_record
7047,19.7,94.45,duplicate_record
7048,19.55,1463.45,duplicate_record
7049,20.25,71.2,duplicate_record
7050,20.3,749.35,duplicate_record
7051,90.85,3186.7,duplicate_record
7052,20.05,741.5,duplicate_record
7053,44.6,80.55,duplicate_record
7054,64.75,4039.5,duplicate_record
7055,20.05,679.0,duplicate_record
7056,19.55,1079.65,duplicate_record
7057,25.0,1260.7,duplicate_record
7058,80.25,144.55,duplicate_record
7059,65.05,1427.55,duplicate_record
7060,79.15,317.25,duplicate_record
7061,81.1,81.1,duplicate_record
7062,24.45,1709.1,duplicate_record
7063,99.0,6017.9,duplicate_record
7064,84.45,1059.55,duplicate_record
7065,19.85,1070.5,duplicate_record
7066,64.55,4504.9,duplicate_record
7067,70.2,70.2,duplicate_record
7068,50.3,913.3,duplicate_record
7069,94.75,5121.75,duplicate_record
7070,19.35,295.55,duplicate_record
7071,89.75,5769.6,duplicate_record
7072,20.5,76.95,duplicate_record
7073,19.8,1396.25,duplicate_record
7074,61.9,2924.05,duplicate_record
7075,49.75,2535.55,duplicate_record
7076,75.4,1322.55,duplicate_record
7077,111.65,8022.85,duplicate_record
7078,74.8,5315.8,duplicate_record
7079,95.65,1640.0,duplicate_record
7080,55.5,934.15,duplicate_record
7081,25.45,134.75,duplicate_record
7082,103.85,4946.05,duplicate_record
7083,105.2,7386.05,duplicate_record
7084,54.2,1152.7,duplicate_record
7085,78.6,5356.45,duplicate_record
